profile,standard,depth,area,weight,generated
W36x300_VAR0,AISC 360-22,32.4,79.47,270.0,True
W27x102_VAR0,AISC 360-22,24.39,27.0,91.8,True
HSS 12x12x1/2_VAR0,AISC 360-22,21.6,20.340000000000003,69.03,True
L 8x8x1_VAR0,AISC 360-22,21.6,13.5,45.9,True
IPE 300_VAR0,EN 10034,21.6,48.42,37.980000000000004,True
HEA 300_VAR0,EN 10034,21.6,100.8,79.47,True
UB 914x419x388_VAR0,BS 4-1:2005,21.6,444.6,349.2,True
H 1000x400x20x35_VAR0,GB/T 11264,21.6,1206.0,945.9,True
_VAR0,AISC,21.6,9.0,45.0,True
_VAR0,AISC,21.6,13.5,58.5,True
_VAR0,AISC,21.6,18.0,72.0,True
_VAR0,AISC,21.6,22.5,85.5,True
_VAR0,AISC,21.6,27.0,99.0,True
_VAR0,AISC,21.6,31.5,112.5,True
_VAR0,AISC,21.6,36.0,126.0,True
_VAR0,AISC,21.6,40.5,139.5,True
_VAR0,AISC,21.6,45.0,153.0,True
_VAR0,AISC,21.6,49.5,166.5,True
_VAR0,AISC,21.6,54.0,180.0,True
_VAR0,AISC,21.6,58.5,193.5,True
_VAR0,AISC,21.6,63.0,207.0,True
_VAR0,AISC,21.6,67.5,220.5,True
_VAR0,AISC,21.6,72.0,234.0,True
_VAR0,AISC,21.6,76.5,247.5,True
_VAR0,AISC,21.6,81.0,261.0,True
_VAR0,AISC,21.6,85.5,274.5,True
_VAR0,AISC,21.6,90.0,288.0,True
_VAR0,AISC,21.6,94.5,301.5,True
_VAR0,AISC,21.6,99.0,315.0,True
_VAR0,AISC,21.6,103.5,328.5,True
_VAR0,AISC,21.6,108.0,342.0,True
_VAR0,AISC,21.6,112.5,355.5,True
_VAR0,AISC,21.6,117.0,369.0,True
_VAR0,AISC,21.6,121.5,382.5,True
_VAR0,AISC,21.6,126.0,396.0,True
_VAR0,AISC,21.6,130.5,409.5,True
_VAR0,AISC,21.6,135.0,423.0,True
_VAR0,AISC,21.6,139.5,436.5,True
_VAR0,AISC,21.6,144.0,450.0,True
_VAR0,AISC,21.6,148.5,463.5,True
_VAR0,AISC,21.6,153.0,477.0,True
_VAR0,AISC,21.6,157.5,490.5,True
_VAR0,AISC,21.6,162.0,504.0,True
_VAR0,AISC,21.6,166.5,517.5,True
_VAR0,AISC,21.6,171.0,531.0,True
_VAR0,AISC,21.6,175.5,544.5,True
_VAR0,AISC,21.6,180.0,558.0,True
_VAR0,AISC,21.6,184.5,571.5,True
_VAR0,AISC,21.6,189.0,585.0,True
_VAR0,AISC,21.6,193.5,598.5,True
_VAR0,AISC,21.6,198.0,612.0,True
_VAR0,AISC,21.6,202.5,625.5,True
_VAR0,AISC,21.6,207.0,639.0,True
_VAR0,AISC,21.6,211.5,652.5,True
_VAR0,AISC,21.6,216.0,666.0,True
_VAR0,AISC,21.6,220.5,679.5,True
_VAR0,AISC,21.6,225.0,693.0,True
_VAR0,AISC,21.6,229.5,706.5,True
_VAR0,Eurocode,21.6,9.0,45.0,True
_VAR0,Eurocode,21.6,13.5,58.5,True
_VAR0,Eurocode,21.6,18.0,72.0,True
_VAR0,Eurocode,21.6,22.5,85.5,True
_VAR0,Eurocode,21.6,27.0,99.0,True
_VAR0,Eurocode,21.6,31.5,112.5,True
_VAR0,Eurocode,21.6,36.0,126.0,True
_VAR0,Eurocode,21.6,40.5,139.5,True
_VAR0,Eurocode,21.6,45.0,153.0,True
_VAR0,Eurocode,21.6,49.5,166.5,True
_VAR0,Eurocode,21.6,54.0,180.0,True
_VAR0,Eurocode,21.6,58.5,193.5,True
_VAR0,Eurocode,21.6,63.0,207.0,True
_VAR0,Eurocode,21.6,67.5,220.5,True
_VAR0,Eurocode,21.6,72.0,234.0,True
_VAR0,Eurocode,21.6,76.5,247.5,True
_VAR0,Eurocode,21.6,81.0,261.0,True
_VAR0,Eurocode,21.6,85.5,274.5,True
_VAR0,Eurocode,21.6,90.0,288.0,True
_VAR0,Eurocode,21.6,94.5,301.5,True
_VAR0,Eurocode,21.6,99.0,315.0,True
_VAR0,Eurocode,21.6,103.5,328.5,True
_VAR0,Eurocode,21.6,108.0,342.0,True
_VAR0,Eurocode,21.6,112.5,355.5,True
_VAR0,Eurocode,21.6,117.0,369.0,True
_VAR0,Eurocode,21.6,121.5,382.5,True
_VAR0,Eurocode,21.6,126.0,396.0,True
_VAR0,Eurocode,21.6,130.5,409.5,True
_VAR0,Eurocode,21.6,135.0,423.0,True
_VAR0,Eurocode,21.6,139.5,436.5,True
_VAR0,Eurocode,21.6,144.0,450.0,True
_VAR0,Eurocode,21.6,148.5,463.5,True
_VAR0,Eurocode,21.6,153.0,477.0,True
_VAR0,Eurocode,21.6,157.5,490.5,True
_VAR0,Eurocode,21.6,162.0,504.0,True
_VAR0,Eurocode,21.6,166.5,517.5,True
_VAR0,Eurocode,21.6,171.0,531.0,True
_VAR0,Eurocode,21.6,175.5,544.5,True
_VAR0,Eurocode,21.6,180.0,558.0,True
_VAR0,Eurocode,21.6,184.5,571.5,True
_VAR0,Eurocode,21.6,189.0,585.0,True
_VAR0,Eurocode,21.6,193.5,598.5,True
_VAR0,Eurocode,21.6,198.0,612.0,True
_VAR0,Eurocode,21.6,202.5,625.5,True
_VAR0,Eurocode,21.6,207.0,639.0,True
_VAR0,Eurocode,21.6,211.5,652.5,True
_VAR0,Eurocode,21.6,216.0,666.0,True
_VAR0,Eurocode,21.6,220.5,679.5,True
_VAR0,Eurocode,21.6,225.0,693.0,True
_VAR0,Eurocode,21.6,229.5,706.5,True
_VAR0,BS,21.6,9.0,45.0,True
_VAR0,BS,21.6,13.5,58.5,True
_VAR0,BS,21.6,18.0,72.0,True
_VAR0,BS,21.6,22.5,85.5,True
_VAR0,BS,21.6,27.0,99.0,True
_VAR0,BS,21.6,31.5,112.5,True
_VAR0,BS,21.6,36.0,126.0,True
_VAR0,BS,21.6,40.5,139.5,True
_VAR0,BS,21.6,45.0,153.0,True
_VAR0,BS,21.6,49.5,166.5,True
_VAR0,BS,21.6,54.0,180.0,True
_VAR0,BS,21.6,58.5,193.5,True
_VAR0,BS,21.6,63.0,207.0,True
_VAR0,BS,21.6,67.5,220.5,True
_VAR0,BS,21.6,72.0,234.0,True
_VAR0,BS,21.6,76.5,247.5,True
_VAR0,BS,21.6,81.0,261.0,True
_VAR0,BS,21.6,85.5,274.5,True
_VAR0,BS,21.6,90.0,288.0,True
_VAR0,BS,21.6,94.5,301.5,True
_VAR0,BS,21.6,99.0,315.0,True
_VAR0,BS,21.6,103.5,328.5,True
_VAR0,BS,21.6,108.0,342.0,True
_VAR0,BS,21.6,112.5,355.5,True
_VAR0,BS,21.6,117.0,369.0,True
_VAR0,BS,21.6,121.5,382.5,True
_VAR0,BS,21.6,126.0,396.0,True
_VAR0,BS,21.6,130.5,409.5,True
_VAR0,BS,21.6,135.0,423.0,True
_VAR0,BS,21.6,139.5,436.5,True
_VAR0,BS,21.6,144.0,450.0,True
_VAR0,BS,21.6,148.5,463.5,True
_VAR0,BS,21.6,153.0,477.0,True
_VAR0,BS,21.6,157.5,490.5,True
_VAR0,BS,21.6,162.0,504.0,True
_VAR0,BS,21.6,166.5,517.5,True
_VAR0,BS,21.6,171.0,531.0,True
_VAR0,BS,21.6,175.5,544.5,True
_VAR0,BS,21.6,180.0,558.0,True
_VAR0,BS,21.6,184.5,571.5,True
_VAR0,BS,21.6,189.0,585.0,True
_VAR0,BS,21.6,193.5,598.5,True
_VAR0,BS,21.6,198.0,612.0,True
_VAR0,BS,21.6,202.5,625.5,True
_VAR0,BS,21.6,207.0,639.0,True
_VAR0,BS,21.6,211.5,652.5,True
_VAR0,BS,21.6,216.0,666.0,True
_VAR0,BS,21.6,220.5,679.5,True
_VAR0,BS,21.6,225.0,693.0,True
_VAR0,BS,21.6,229.5,706.5,True
_VAR0,GB,21.6,9.0,45.0,True
_VAR0,GB,21.6,13.5,58.5,True
_VAR0,GB,21.6,18.0,72.0,True
_VAR0,GB,21.6,22.5,85.5,True
_VAR0,GB,21.6,27.0,99.0,True
_VAR0,GB,21.6,31.5,112.5,True
_VAR0,GB,21.6,36.0,126.0,True
_VAR0,GB,21.6,40.5,139.5,True
_VAR0,GB,21.6,45.0,153.0,True
_VAR0,GB,21.6,49.5,166.5,True
_VAR0,GB,21.6,54.0,180.0,True
_VAR0,GB,21.6,58.5,193.5,True
_VAR0,GB,21.6,63.0,207.0,True
_VAR0,GB,21.6,67.5,220.5,True
_VAR0,GB,21.6,72.0,234.0,True
_VAR0,GB,21.6,76.5,247.5,True
_VAR0,GB,21.6,81.0,261.0,True
_VAR0,GB,21.6,85.5,274.5,True
_VAR0,GB,21.6,90.0,288.0,True
_VAR0,GB,21.6,94.5,301.5,True
_VAR0,GB,21.6,99.0,315.0,True
_VAR0,GB,21.6,103.5,328.5,True
_VAR0,GB,21.6,108.0,342.0,True
_VAR0,GB,21.6,112.5,355.5,True
_VAR0,GB,21.6,117.0,369.0,True
_VAR0,GB,21.6,121.5,382.5,True
_VAR0,GB,21.6,126.0,396.0,True
_VAR0,GB,21.6,130.5,409.5,True
_VAR0,GB,21.6,135.0,423.0,True
_VAR0,GB,21.6,139.5,436.5,True
_VAR0,GB,21.6,144.0,450.0,True
_VAR0,GB,21.6,148.5,463.5,True
_VAR0,GB,21.6,153.0,477.0,True
_VAR0,GB,21.6,157.5,490.5,True
_VAR0,GB,21.6,162.0,504.0,True
_VAR0,GB,21.6,166.5,517.5,True
_VAR0,GB,21.6,171.0,531.0,True
_VAR0,GB,21.6,175.5,544.5,True
_VAR0,GB,21.6,180.0,558.0,True
_VAR0,GB,21.6,184.5,571.5,True
_VAR0,GB,21.6,189.0,585.0,True
_VAR0,GB,21.6,193.5,598.5,True
_VAR0,GB,21.6,198.0,612.0,True
_VAR0,GB,21.6,202.5,625.5,True
_VAR0,GB,21.6,207.0,639.0,True
_VAR0,GB,21.6,211.5,652.5,True
_VAR0,GB,21.6,216.0,666.0,True
_VAR0,GB,21.6,220.5,679.5,True
_VAR0,GB,21.6,225.0,693.0,True
_VAR0,GB,21.6,229.5,706.5,True
W36x300_VAR1,AISC 360-22,33.120000000000005,81.236,276.0,True
W27x102_VAR1,AISC 360-22,24.932000000000002,27.6,93.84,True
HSS 12x12x1/2_VAR1,AISC 360-22,22.080000000000002,20.792,70.56400000000001,True
L 8x8x1_VAR1,AISC 360-22,22.080000000000002,13.8,46.92,True
IPE 300_VAR1,EN 10034,22.080000000000002,49.496,38.824000000000005,True
HEA 300_VAR1,EN 10034,22.080000000000002,103.04,81.236,True
UB 914x419x388_VAR1,BS 4-1:2005,22.080000000000002,454.48,356.96000000000004,True
H 1000x400x20x35_VAR1,GB/T 11264,22.080000000000002,1232.8,966.9200000000001,True
_VAR1,AISC,22.080000000000002,9.200000000000001,46.0,True
_VAR1,AISC,22.080000000000002,13.8,59.800000000000004,True
_VAR1,AISC,22.080000000000002,18.400000000000002,73.60000000000001,True
_VAR1,AISC,22.080000000000002,23.0,87.4,True
_VAR1,AISC,22.080000000000002,27.6,101.2,True
_VAR1,AISC,22.080000000000002,32.2,115.0,True
_VAR1,AISC,22.080000000000002,36.800000000000004,128.8,True
_VAR1,AISC,22.080000000000002,41.4,142.6,True
_VAR1,AISC,22.080000000000002,46.0,156.4,True
_VAR1,AISC,22.080000000000002,50.6,170.20000000000002,True
_VAR1,AISC,22.080000000000002,55.2,184.0,True
_VAR1,AISC,22.080000000000002,59.800000000000004,197.8,True
_VAR1,AISC,22.080000000000002,64.4,211.60000000000002,True
_VAR1,AISC,22.080000000000002,69.0,225.4,True
_VAR1,AISC,22.080000000000002,73.60000000000001,239.20000000000002,True
_VAR1,AISC,22.080000000000002,78.2,253.0,True
_VAR1,AISC,22.080000000000002,82.8,266.8,True
_VAR1,AISC,22.080000000000002,87.4,280.6,True
_VAR1,AISC,22.080000000000002,92.0,294.40000000000003,True
_VAR1,AISC,22.080000000000002,96.60000000000001,308.2,True
_VAR1,AISC,22.080000000000002,101.2,322.0,True
_VAR1,AISC,22.080000000000002,105.80000000000001,335.8,True
_VAR1,AISC,22.080000000000002,110.4,349.6,True
_VAR1,AISC,22.080000000000002,115.0,363.40000000000003,True
_VAR1,AISC,22.080000000000002,119.60000000000001,377.2,True
_VAR1,AISC,22.080000000000002,124.2,391.0,True
_VAR1,AISC,22.080000000000002,128.8,404.8,True
_VAR1,AISC,22.080000000000002,133.4,418.6,True
_VAR1,AISC,22.080000000000002,138.0,432.40000000000003,True
_VAR1,AISC,22.080000000000002,142.6,446.20000000000005,True
_VAR1,AISC,22.080000000000002,147.20000000000002,460.0,True
_VAR1,AISC,22.080000000000002,151.8,473.8,True
_VAR1,AISC,22.080000000000002,156.4,487.6,True
_VAR1,AISC,22.080000000000002,161.0,501.40000000000003,True
_VAR1,AISC,22.080000000000002,165.6,515.2,True
_VAR1,AISC,22.080000000000002,170.20000000000002,529.0,True
_VAR1,AISC,22.080000000000002,174.8,542.8000000000001,True
_VAR1,AISC,22.080000000000002,179.4,556.6,True
_VAR1,AISC,22.080000000000002,184.0,570.4,True
_VAR1,AISC,22.080000000000002,188.6,584.2,True
_VAR1,AISC,22.080000000000002,193.20000000000002,598.0,True
_VAR1,AISC,22.080000000000002,197.8,611.8000000000001,True
_VAR1,AISC,22.080000000000002,202.4,625.6,True
_VAR1,AISC,22.080000000000002,207.0,639.4,True
_VAR1,AISC,22.080000000000002,211.60000000000002,653.2,True
_VAR1,AISC,22.080000000000002,216.20000000000002,667.0,True
_VAR1,AISC,22.080000000000002,220.8,680.8000000000001,True
_VAR1,AISC,22.080000000000002,225.4,694.6,True
_VAR1,AISC,22.080000000000002,230.0,708.4,True
_VAR1,AISC,22.080000000000002,234.60000000000002,722.2,True
_VAR1,Eurocode,22.080000000000002,9.200000000000001,46.0,True
_VAR1,Eurocode,22.080000000000002,13.8,59.800000000000004,True
_VAR1,Eurocode,22.080000000000002,18.400000000000002,73.60000000000001,True
_VAR1,Eurocode,22.080000000000002,23.0,87.4,True
_VAR1,Eurocode,22.080000000000002,27.6,101.2,True
_VAR1,Eurocode,22.080000000000002,32.2,115.0,True
_VAR1,Eurocode,22.080000000000002,36.800000000000004,128.8,True
_VAR1,Eurocode,22.080000000000002,41.4,142.6,True
_VAR1,Eurocode,22.080000000000002,46.0,156.4,True
_VAR1,Eurocode,22.080000000000002,50.6,170.20000000000002,True
_VAR1,Eurocode,22.080000000000002,55.2,184.0,True
_VAR1,Eurocode,22.080000000000002,59.800000000000004,197.8,True
_VAR1,Eurocode,22.080000000000002,64.4,211.60000000000002,True
_VAR1,Eurocode,22.080000000000002,69.0,225.4,True
_VAR1,Eurocode,22.080000000000002,73.60000000000001,239.20000000000002,True
_VAR1,Eurocode,22.080000000000002,78.2,253.0,True
_VAR1,Eurocode,22.080000000000002,82.8,266.8,True
_VAR1,Eurocode,22.080000000000002,87.4,280.6,True
_VAR1,Eurocode,22.080000000000002,92.0,294.40000000000003,True
_VAR1,Eurocode,22.080000000000002,96.60000000000001,308.2,True
_VAR1,Eurocode,22.080000000000002,101.2,322.0,True
_VAR1,Eurocode,22.080000000000002,105.80000000000001,335.8,True
_VAR1,Eurocode,22.080000000000002,110.4,349.6,True
_VAR1,Eurocode,22.080000000000002,115.0,363.40000000000003,True
_VAR1,Eurocode,22.080000000000002,119.60000000000001,377.2,True
_VAR1,Eurocode,22.080000000000002,124.2,391.0,True
_VAR1,Eurocode,22.080000000000002,128.8,404.8,True
_VAR1,Eurocode,22.080000000000002,133.4,418.6,True
_VAR1,Eurocode,22.080000000000002,138.0,432.40000000000003,True
_VAR1,Eurocode,22.080000000000002,142.6,446.20000000000005,True
_VAR1,Eurocode,22.080000000000002,147.20000000000002,460.0,True
_VAR1,Eurocode,22.080000000000002,151.8,473.8,True
_VAR1,Eurocode,22.080000000000002,156.4,487.6,True
_VAR1,Eurocode,22.080000000000002,161.0,501.40000000000003,True
_VAR1,Eurocode,22.080000000000002,165.6,515.2,True
_VAR1,Eurocode,22.080000000000002,170.20000000000002,529.0,True
_VAR1,Eurocode,22.080000000000002,174.8,542.8000000000001,True
_VAR1,Eurocode,22.080000000000002,179.4,556.6,True
_VAR1,Eurocode,22.080000000000002,184.0,570.4,True
_VAR1,Eurocode,22.080000000000002,188.6,584.2,True
_VAR1,Eurocode,22.080000000000002,193.20000000000002,598.0,True
_VAR1,Eurocode,22.080000000000002,197.8,611.8000000000001,True
_VAR1,Eurocode,22.080000000000002,202.4,625.6,True
_VAR1,Eurocode,22.080000000000002,207.0,639.4,True
_VAR1,Eurocode,22.080000000000002,211.60000000000002,653.2,True
_VAR1,Eurocode,22.080000000000002,216.20000000000002,667.0,True
_VAR1,Eurocode,22.080000000000002,220.8,680.8000000000001,True
_VAR1,Eurocode,22.080000000000002,225.4,694.6,True
_VAR1,Eurocode,22.080000000000002,230.0,708.4,True
_VAR1,Eurocode,22.080000000000002,234.60000000000002,722.2,True
_VAR1,BS,22.080000000000002,9.200000000000001,46.0,True
_VAR1,BS,22.080000000000002,13.8,59.800000000000004,True
_VAR1,BS,22.080000000000002,18.400000000000002,73.60000000000001,True
_VAR1,BS,22.080000000000002,23.0,87.4,True
_VAR1,BS,22.080000000000002,27.6,101.2,True
_VAR1,BS,22.080000000000002,32.2,115.0,True
_VAR1,BS,22.080000000000002,36.800000000000004,128.8,True
_VAR1,BS,22.080000000000002,41.4,142.6,True
_VAR1,BS,22.080000000000002,46.0,156.4,True
_VAR1,BS,22.080000000000002,50.6,170.20000000000002,True
_VAR1,BS,22.080000000000002,55.2,184.0,True
_VAR1,BS,22.080000000000002,59.800000000000004,197.8,True
_VAR1,BS,22.080000000000002,64.4,211.60000000000002,True
_VAR1,BS,22.080000000000002,69.0,225.4,True
_VAR1,BS,22.080000000000002,73.60000000000001,239.20000000000002,True
_VAR1,BS,22.080000000000002,78.2,253.0,True
_VAR1,BS,22.080000000000002,82.8,266.8,True
_VAR1,BS,22.080000000000002,87.4,280.6,True
_VAR1,BS,22.080000000000002,92.0,294.40000000000003,True
_VAR1,BS,22.080000000000002,96.60000000000001,308.2,True
_VAR1,BS,22.080000000000002,101.2,322.0,True
_VAR1,BS,22.080000000000002,105.80000000000001,335.8,True
_VAR1,BS,22.080000000000002,110.4,349.6,True
_VAR1,BS,22.080000000000002,115.0,363.40000000000003,True
_VAR1,BS,22.080000000000002,119.60000000000001,377.2,True
_VAR1,BS,22.080000000000002,124.2,391.0,True
_VAR1,BS,22.080000000000002,128.8,404.8,True
_VAR1,BS,22.080000000000002,133.4,418.6,True
_VAR1,BS,22.080000000000002,138.0,432.40000000000003,True
_VAR1,BS,22.080000000000002,142.6,446.20000000000005,True
_VAR1,BS,22.080000000000002,147.20000000000002,460.0,True
_VAR1,BS,22.080000000000002,151.8,473.8,True
_VAR1,BS,22.080000000000002,156.4,487.6,True
_VAR1,BS,22.080000000000002,161.0,501.40000000000003,True
_VAR1,BS,22.080000000000002,165.6,515.2,True
_VAR1,BS,22.080000000000002,170.20000000000002,529.0,True
_VAR1,BS,22.080000000000002,174.8,542.8000000000001,True
_VAR1,BS,22.080000000000002,179.4,556.6,True
_VAR1,BS,22.080000000000002,184.0,570.4,True
_VAR1,BS,22.080000000000002,188.6,584.2,True
_VAR1,BS,22.080000000000002,193.20000000000002,598.0,True
_VAR1,BS,22.080000000000002,197.8,611.8000000000001,True
_VAR1,BS,22.080000000000002,202.4,625.6,True
_VAR1,BS,22.080000000000002,207.0,639.4,True
_VAR1,BS,22.080000000000002,211.60000000000002,653.2,True
_VAR1,BS,22.080000000000002,216.20000000000002,667.0,True
_VAR1,BS,22.080000000000002,220.8,680.8000000000001,True
_VAR1,BS,22.080000000000002,225.4,694.6,True
_VAR1,BS,22.080000000000002,230.0,708.4,True
_VAR1,BS,22.080000000000002,234.60000000000002,722.2,True
_VAR1,GB,22.080000000000002,9.200000000000001,46.0,True
_VAR1,GB,22.080000000000002,13.8,59.800000000000004,True
_VAR1,GB,22.080000000000002,18.400000000000002,73.60000000000001,True
_VAR1,GB,22.080000000000002,23.0,87.4,True
_VAR1,GB,22.080000000000002,27.6,101.2,True
_VAR1,GB,22.080000000000002,32.2,115.0,True
_VAR1,GB,22.080000000000002,36.800000000000004,128.8,True
_VAR1,GB,22.080000000000002,41.4,142.6,True
_VAR1,GB,22.080000000000002,46.0,156.4,True
_VAR1,GB,22.080000000000002,50.6,170.20000000000002,True
_VAR1,GB,22.080000000000002,55.2,184.0,True
_VAR1,GB,22.080000000000002,59.800000000000004,197.8,True
_VAR1,GB,22.080000000000002,64.4,211.60000000000002,True
_VAR1,GB,22.080000000000002,69.0,225.4,True
_VAR1,GB,22.080000000000002,73.60000000000001,239.20000000000002,True
_VAR1,GB,22.080000000000002,78.2,253.0,True
_VAR1,GB,22.080000000000002,82.8,266.8,True
_VAR1,GB,22.080000000000002,87.4,280.6,True
_VAR1,GB,22.080000000000002,92.0,294.40000000000003,True
_VAR1,GB,22.080000000000002,96.60000000000001,308.2,True
_VAR1,GB,22.080000000000002,101.2,322.0,True
_VAR1,GB,22.080000000000002,105.80000000000001,335.8,True
_VAR1,GB,22.080000000000002,110.4,349.6,True
_VAR1,GB,22.080000000000002,115.0,363.40000000000003,True
_VAR1,GB,22.080000000000002,119.60000000000001,377.2,True
_VAR1,GB,22.080000000000002,124.2,391.0,True
_VAR1,GB,22.080000000000002,128.8,404.8,True
_VAR1,GB,22.080000000000002,133.4,418.6,True
_VAR1,GB,22.080000000000002,138.0,432.40000000000003,True
_VAR1,GB,22.080000000000002,142.6,446.20000000000005,True
_VAR1,GB,22.080000000000002,147.20000000000002,460.0,True
_VAR1,GB,22.080000000000002,151.8,473.8,True
_VAR1,GB,22.080000000000002,156.4,487.6,True
_VAR1,GB,22.080000000000002,161.0,501.40000000000003,True
_VAR1,GB,22.080000000000002,165.6,515.2,True
_VAR1,GB,22.080000000000002,170.20000000000002,529.0,True
_VAR1,GB,22.080000000000002,174.8,542.8000000000001,True
_VAR1,GB,22.080000000000002,179.4,556.6,True
_VAR1,GB,22.080000000000002,184.0,570.4,True
_VAR1,GB,22.080000000000002,188.6,584.2,True
_VAR1,GB,22.080000000000002,193.20000000000002,598.0,True
_VAR1,GB,22.080000000000002,197.8,611.8000000000001,True
_VAR1,GB,22.080000000000002,202.4,625.6,True
_VAR1,GB,22.080000000000002,207.0,639.4,True
_VAR1,GB,22.080000000000002,211.60000000000002,653.2,True
_VAR1,GB,22.080000000000002,216.20000000000002,667.0,True
_VAR1,GB,22.080000000000002,220.8,680.8000000000001,True
_VAR1,GB,22.080000000000002,225.4,694.6,True
_VAR1,GB,22.080000000000002,230.0,708.4,True
_VAR1,GB,22.080000000000002,234.60000000000002,722.2,True
W36x300_VAR2,AISC 360-22,33.84,83.002,282.0,True
W27x102_VAR2,AISC 360-22,25.474000000000004,28.200000000000003,95.88000000000001,True
HSS 12x12x1/2_VAR2,AISC 360-22,22.560000000000002,21.244000000000003,72.09800000000001,True
L 8x8x1_VAR2,AISC 360-22,22.560000000000002,14.100000000000001,47.940000000000005,True
IPE 300_VAR2,EN 10034,22.560000000000002,50.572,39.668000000000006,True
HEA 300_VAR2,EN 10034,22.560000000000002,105.28,83.002,True
UB 914x419x388_VAR2,BS 4-1:2005,22.560000000000002,464.36,364.72,True
H 1000x400x20x35_VAR2,GB/T 11264,22.560000000000002,1259.6000000000001,987.94,True
_VAR2,AISC,22.560000000000002,9.4,47.0,True
_VAR2,AISC,22.560000000000002,14.100000000000001,61.1,True
_VAR2,AISC,22.560000000000002,18.8,75.2,True
_VAR2,AISC,22.560000000000002,23.5,89.30000000000001,True
_VAR2,AISC,22.560000000000002,28.200000000000003,103.4,True
_VAR2,AISC,22.560000000000002,32.9,117.50000000000001,True
_VAR2,AISC,22.560000000000002,37.6,131.6,True
_VAR2,AISC,22.560000000000002,42.300000000000004,145.70000000000002,True
_VAR2,AISC,22.560000000000002,47.0,159.8,True
_VAR2,AISC,22.560000000000002,51.7,173.9,True
_VAR2,AISC,22.560000000000002,56.400000000000006,188.0,True
_VAR2,AISC,22.560000000000002,61.1,202.10000000000002,True
_VAR2,AISC,22.560000000000002,65.8,216.20000000000002,True
_VAR2,AISC,22.560000000000002,70.5,230.3,True
_VAR2,AISC,22.560000000000002,75.2,244.4,True
_VAR2,AISC,22.560000000000002,79.9,258.5,True
_VAR2,AISC,22.560000000000002,84.60000000000001,272.6,True
_VAR2,AISC,22.560000000000002,89.30000000000001,286.70000000000005,True
_VAR2,AISC,22.560000000000002,94.0,300.8,True
_VAR2,AISC,22.560000000000002,98.7,314.90000000000003,True
_VAR2,AISC,22.560000000000002,103.4,329.0,True
_VAR2,AISC,22.560000000000002,108.10000000000001,343.1,True
_VAR2,AISC,22.560000000000002,112.80000000000001,357.20000000000005,True
_VAR2,AISC,22.560000000000002,117.50000000000001,371.3,True
_VAR2,AISC,22.560000000000002,122.2,385.40000000000003,True
_VAR2,AISC,22.560000000000002,126.9,399.5,True
_VAR2,AISC,22.560000000000002,131.6,413.6,True
_VAR2,AISC,22.560000000000002,136.3,427.70000000000005,True
_VAR2,AISC,22.560000000000002,141.0,441.8,True
_VAR2,AISC,22.560000000000002,145.70000000000002,455.90000000000003,True
_VAR2,AISC,22.560000000000002,150.4,470.00000000000006,True
_VAR2,AISC,22.560000000000002,155.10000000000002,484.1,True
_VAR2,AISC,22.560000000000002,159.8,498.20000000000005,True
_VAR2,AISC,22.560000000000002,164.5,512.3000000000001,True
_VAR2,AISC,22.560000000000002,169.20000000000002,526.4,True
_VAR2,AISC,22.560000000000002,173.9,540.5,True
_VAR2,AISC,22.560000000000002,178.60000000000002,554.6,True
_VAR2,AISC,22.560000000000002,183.3,568.7,True
_VAR2,AISC,22.560000000000002,188.0,582.8000000000001,True
_VAR2,AISC,22.560000000000002,192.70000000000002,596.9000000000001,True
_VAR2,AISC,22.560000000000002,197.4,611.0,True
_VAR2,AISC,22.560000000000002,202.10000000000002,625.1,True
_VAR2,AISC,22.560000000000002,206.8,639.2,True
_VAR2,AISC,22.560000000000002,211.5,653.3000000000001,True
_VAR2,AISC,22.560000000000002,216.20000000000002,667.4000000000001,True
_VAR2,AISC,22.560000000000002,220.9,681.5,True
_VAR2,AISC,22.560000000000002,225.60000000000002,695.6,True
_VAR2,AISC,22.560000000000002,230.3,709.7,True
_VAR2,AISC,22.560000000000002,235.00000000000003,723.8000000000001,True
_VAR2,AISC,22.560000000000002,239.70000000000002,737.9000000000001,True
_VAR2,Eurocode,22.560000000000002,9.4,47.0,True
_VAR2,Eurocode,22.560000000000002,14.100000000000001,61.1,True
_VAR2,Eurocode,22.560000000000002,18.8,75.2,True
_VAR2,Eurocode,22.560000000000002,23.5,89.30000000000001,True
_VAR2,Eurocode,22.560000000000002,28.200000000000003,103.4,True
_VAR2,Eurocode,22.560000000000002,32.9,117.50000000000001,True
_VAR2,Eurocode,22.560000000000002,37.6,131.6,True
_VAR2,Eurocode,22.560000000000002,42.300000000000004,145.70000000000002,True
_VAR2,Eurocode,22.560000000000002,47.0,159.8,True
_VAR2,Eurocode,22.560000000000002,51.7,173.9,True
_VAR2,Eurocode,22.560000000000002,56.400000000000006,188.0,True
_VAR2,Eurocode,22.560000000000002,61.1,202.10000000000002,True
_VAR2,Eurocode,22.560000000000002,65.8,216.20000000000002,True
_VAR2,Eurocode,22.560000000000002,70.5,230.3,True
_VAR2,Eurocode,22.560000000000002,75.2,244.4,True
_VAR2,Eurocode,22.560000000000002,79.9,258.5,True
_VAR2,Eurocode,22.560000000000002,84.60000000000001,272.6,True
_VAR2,Eurocode,22.560000000000002,89.30000000000001,286.70000000000005,True
_VAR2,Eurocode,22.560000000000002,94.0,300.8,True
_VAR2,Eurocode,22.560000000000002,98.7,314.90000000000003,True
_VAR2,Eurocode,22.560000000000002,103.4,329.0,True
_VAR2,Eurocode,22.560000000000002,108.10000000000001,343.1,True
_VAR2,Eurocode,22.560000000000002,112.80000000000001,357.20000000000005,True
_VAR2,Eurocode,22.560000000000002,117.50000000000001,371.3,True
_VAR2,Eurocode,22.560000000000002,122.2,385.40000000000003,True
_VAR2,Eurocode,22.560000000000002,126.9,399.5,True
_VAR2,Eurocode,22.560000000000002,131.6,413.6,True
_VAR2,Eurocode,22.560000000000002,136.3,427.70000000000005,True
_VAR2,Eurocode,22.560000000000002,141.0,441.8,True
_VAR2,Eurocode,22.560000000000002,145.70000000000002,455.90000000000003,True
_VAR2,Eurocode,22.560000000000002,150.4,470.00000000000006,True
_VAR2,Eurocode,22.560000000000002,155.10000000000002,484.1,True
_VAR2,Eurocode,22.560000000000002,159.8,498.20000000000005,True
_VAR2,Eurocode,22.560000000000002,164.5,512.3000000000001,True
_VAR2,Eurocode,22.560000000000002,169.20000000000002,526.4,True
_VAR2,Eurocode,22.560000000000002,173.9,540.5,True
_VAR2,Eurocode,22.560000000000002,178.60000000000002,554.6,True
_VAR2,Eurocode,22.560000000000002,183.3,568.7,True
_VAR2,Eurocode,22.560000000000002,188.0,582.8000000000001,True
_VAR2,Eurocode,22.560000000000002,192.70000000000002,596.9000000000001,True
_VAR2,Eurocode,22.560000000000002,197.4,611.0,True
_VAR2,Eurocode,22.560000000000002,202.10000000000002,625.1,True
_VAR2,Eurocode,22.560000000000002,206.8,639.2,True
_VAR2,Eurocode,22.560000000000002,211.5,653.3000000000001,True
_VAR2,Eurocode,22.560000000000002,216.20000000000002,667.4000000000001,True
_VAR2,Eurocode,22.560000000000002,220.9,681.5,True
_VAR2,Eurocode,22.560000000000002,225.60000000000002,695.6,True
_VAR2,Eurocode,22.560000000000002,230.3,709.7,True
_VAR2,Eurocode,22.560000000000002,235.00000000000003,723.8000000000001,True
_VAR2,Eurocode,22.560000000000002,239.70000000000002,737.9000000000001,True
_VAR2,BS,22.560000000000002,9.4,47.0,True
_VAR2,BS,22.560000000000002,14.100000000000001,61.1,True
_VAR2,BS,22.560000000000002,18.8,75.2,True
_VAR2,BS,22.560000000000002,23.5,89.30000000000001,True
_VAR2,BS,22.560000000000002,28.200000000000003,103.4,True
_VAR2,BS,22.560000000000002,32.9,117.50000000000001,True
_VAR2,BS,22.560000000000002,37.6,131.6,True
_VAR2,BS,22.560000000000002,42.300000000000004,145.70000000000002,True
_VAR2,BS,22.560000000000002,47.0,159.8,True
_VAR2,BS,22.560000000000002,51.7,173.9,True
_VAR2,BS,22.560000000000002,56.400000000000006,188.0,True
_VAR2,BS,22.560000000000002,61.1,202.10000000000002,True
_VAR2,BS,22.560000000000002,65.8,216.20000000000002,True
_VAR2,BS,22.560000000000002,70.5,230.3,True
_VAR2,BS,22.560000000000002,75.2,244.4,True
_VAR2,BS,22.560000000000002,79.9,258.5,True
_VAR2,BS,22.560000000000002,84.60000000000001,272.6,True
_VAR2,BS,22.560000000000002,89.30000000000001,286.70000000000005,True
_VAR2,BS,22.560000000000002,94.0,300.8,True
_VAR2,BS,22.560000000000002,98.7,314.90000000000003,True
_VAR2,BS,22.560000000000002,103.4,329.0,True
_VAR2,BS,22.560000000000002,108.10000000000001,343.1,True
_VAR2,BS,22.560000000000002,112.80000000000001,357.20000000000005,True
_VAR2,BS,22.560000000000002,117.50000000000001,371.3,True
_VAR2,BS,22.560000000000002,122.2,385.40000000000003,True
_VAR2,BS,22.560000000000002,126.9,399.5,True
_VAR2,BS,22.560000000000002,131.6,413.6,True
_VAR2,BS,22.560000000000002,136.3,427.70000000000005,True
_VAR2,BS,22.560000000000002,141.0,441.8,True
_VAR2,BS,22.560000000000002,145.70000000000002,455.90000000000003,True
_VAR2,BS,22.560000000000002,150.4,470.00000000000006,True
_VAR2,BS,22.560000000000002,155.10000000000002,484.1,True
_VAR2,BS,22.560000000000002,159.8,498.20000000000005,True
_VAR2,BS,22.560000000000002,164.5,512.3000000000001,True
_VAR2,BS,22.560000000000002,169.20000000000002,526.4,True
_VAR2,BS,22.560000000000002,173.9,540.5,True
_VAR2,BS,22.560000000000002,178.60000000000002,554.6,True
_VAR2,BS,22.560000000000002,183.3,568.7,True
_VAR2,BS,22.560000000000002,188.0,582.8000000000001,True
_VAR2,BS,22.560000000000002,192.70000000000002,596.9000000000001,True
_VAR2,BS,22.560000000000002,197.4,611.0,True
_VAR2,BS,22.560000000000002,202.10000000000002,625.1,True
_VAR2,BS,22.560000000000002,206.8,639.2,True
_VAR2,BS,22.560000000000002,211.5,653.3000000000001,True
_VAR2,BS,22.560000000000002,216.20000000000002,667.4000000000001,True
_VAR2,BS,22.560000000000002,220.9,681.5,True
_VAR2,BS,22.560000000000002,225.60000000000002,695.6,True
_VAR2,BS,22.560000000000002,230.3,709.7,True
_VAR2,BS,22.560000000000002,235.00000000000003,723.8000000000001,True
_VAR2,BS,22.560000000000002,239.70000000000002,737.9000000000001,True
_VAR2,GB,22.560000000000002,9.4,47.0,True
_VAR2,GB,22.560000000000002,14.100000000000001,61.1,True
_VAR2,GB,22.560000000000002,18.8,75.2,True
_VAR2,GB,22.560000000000002,23.5,89.30000000000001,True
_VAR2,GB,22.560000000000002,28.200000000000003,103.4,True
_VAR2,GB,22.560000000000002,32.9,117.50000000000001,True
_VAR2,GB,22.560000000000002,37.6,131.6,True
_VAR2,GB,22.560000000000002,42.300000000000004,145.70000000000002,True
_VAR2,GB,22.560000000000002,47.0,159.8,True
_VAR2,GB,22.560000000000002,51.7,173.9,True
_VAR2,GB,22.560000000000002,56.400000000000006,188.0,True
_VAR2,GB,22.560000000000002,61.1,202.10000000000002,True
_VAR2,GB,22.560000000000002,65.8,216.20000000000002,True
_VAR2,GB,22.560000000000002,70.5,230.3,True
_VAR2,GB,22.560000000000002,75.2,244.4,True
_VAR2,GB,22.560000000000002,79.9,258.5,True
_VAR2,GB,22.560000000000002,84.60000000000001,272.6,True
_VAR2,GB,22.560000000000002,89.30000000000001,286.70000000000005,True
_VAR2,GB,22.560000000000002,94.0,300.8,True
_VAR2,GB,22.560000000000002,98.7,314.90000000000003,True
_VAR2,GB,22.560000000000002,103.4,329.0,True
_VAR2,GB,22.560000000000002,108.10000000000001,343.1,True
_VAR2,GB,22.560000000000002,112.80000000000001,357.20000000000005,True
_VAR2,GB,22.560000000000002,117.50000000000001,371.3,True
_VAR2,GB,22.560000000000002,122.2,385.40000000000003,True
_VAR2,GB,22.560000000000002,126.9,399.5,True
_VAR2,GB,22.560000000000002,131.6,413.6,True
_VAR2,GB,22.560000000000002,136.3,427.70000000000005,True
_VAR2,GB,22.560000000000002,141.0,441.8,True
_VAR2,GB,22.560000000000002,145.70000000000002,455.90000000000003,True
_VAR2,GB,22.560000000000002,150.4,470.00000000000006,True
_VAR2,GB,22.560000000000002,155.10000000000002,484.1,True
_VAR2,GB,22.560000000000002,159.8,498.20000000000005,True
_VAR2,GB,22.560000000000002,164.5,512.3000000000001,True
_VAR2,GB,22.560000000000002,169.20000000000002,526.4,True
_VAR2,GB,22.560000000000002,173.9,540.5,True
_VAR2,GB,22.560000000000002,178.60000000000002,554.6,True
_VAR2,GB,22.560000000000002,183.3,568.7,True
_VAR2,GB,22.560000000000002,188.0,582.8000000000001,True
_VAR2,GB,22.560000000000002,192.70000000000002,596.9000000000001,True
_VAR2,GB,22.560000000000002,197.4,611.0,True
_VAR2,GB,22.560000000000002,202.10000000000002,625.1,True
_VAR2,GB,22.560000000000002,206.8,639.2,True
_VAR2,GB,22.560000000000002,211.5,653.3000000000001,True
_VAR2,GB,22.560000000000002,216.20000000000002,667.4000000000001,True
_VAR2,GB,22.560000000000002,220.9,681.5,True
_VAR2,GB,22.560000000000002,225.60000000000002,695.6,True
_VAR2,GB,22.560000000000002,230.3,709.7,True
_VAR2,GB,22.560000000000002,235.00000000000003,723.8000000000001,True
_VAR2,GB,22.560000000000002,239.70000000000002,737.9000000000001,True
W36x300_VAR3,AISC 360-22,34.56,84.768,288.0,True
W27x102_VAR3,AISC 360-22,26.016000000000002,28.799999999999997,97.92,True
HSS 12x12x1/2_VAR3,AISC 360-22,23.04,21.696,73.632,True
L 8x8x1_VAR3,AISC 360-22,23.04,14.399999999999999,48.96,True
IPE 300_VAR3,EN 10034,23.04,51.647999999999996,40.512,True
HEA 300_VAR3,EN 10034,23.04,107.52,84.768,True
UB 914x419x388_VAR3,BS 4-1:2005,23.04,474.24,372.47999999999996,True
H 1000x400x20x35_VAR3,GB/T 11264,23.04,1286.3999999999999,1008.9599999999999,True
_VAR3,AISC,23.04,9.6,48.0,True
_VAR3,AISC,23.04,14.399999999999999,62.4,True
_VAR3,AISC,23.04,19.2,76.8,True
_VAR3,AISC,23.04,24.0,91.2,True
_VAR3,AISC,23.04,28.799999999999997,105.6,True
_VAR3,AISC,23.04,33.6,120.0,True
_VAR3,AISC,23.04,38.4,134.4,True
_VAR3,AISC,23.04,43.199999999999996,148.79999999999998,True
_VAR3,AISC,23.04,48.0,163.2,True
_VAR3,AISC,23.04,52.8,177.6,True
_VAR3,AISC,23.04,57.599999999999994,192.0,True
_VAR3,AISC,23.04,62.4,206.4,True
_VAR3,AISC,23.04,67.2,220.79999999999998,True
_VAR3,AISC,23.04,72.0,235.2,True
_VAR3,AISC,23.04,76.8,249.6,True
_VAR3,AISC,23.04,81.6,264.0,True
_VAR3,AISC,23.04,86.39999999999999,278.4,True
_VAR3,AISC,23.04,91.2,292.8,True
_VAR3,AISC,23.04,96.0,307.2,True
_VAR3,AISC,23.04,100.8,321.59999999999997,True
_VAR3,AISC,23.04,105.6,336.0,True
_VAR3,AISC,23.04,110.39999999999999,350.4,True
_VAR3,AISC,23.04,115.19999999999999,364.8,True
_VAR3,AISC,23.04,120.0,379.2,True
_VAR3,AISC,23.04,124.8,393.59999999999997,True
_VAR3,AISC,23.04,129.6,408.0,True
_VAR3,AISC,23.04,134.4,422.4,True
_VAR3,AISC,23.04,139.2,436.8,True
_VAR3,AISC,23.04,144.0,451.2,True
_VAR3,AISC,23.04,148.79999999999998,465.59999999999997,True
_VAR3,AISC,23.04,153.6,480.0,True
_VAR3,AISC,23.04,158.4,494.4,True
_VAR3,AISC,23.04,163.2,508.79999999999995,True
_VAR3,AISC,23.04,168.0,523.1999999999999,True
_VAR3,AISC,23.04,172.79999999999998,537.6,True
_VAR3,AISC,23.04,177.6,552.0,True
_VAR3,AISC,23.04,182.4,566.4,True
_VAR3,AISC,23.04,187.2,580.8,True
_VAR3,AISC,23.04,192.0,595.1999999999999,True
_VAR3,AISC,23.04,196.79999999999998,609.6,True
_VAR3,AISC,23.04,201.6,624.0,True
_VAR3,AISC,23.04,206.4,638.4,True
_VAR3,AISC,23.04,211.2,652.8,True
_VAR3,AISC,23.04,216.0,667.1999999999999,True
_VAR3,AISC,23.04,220.79999999999998,681.6,True
_VAR3,AISC,23.04,225.6,696.0,True
_VAR3,AISC,23.04,230.39999999999998,710.4,True
_VAR3,AISC,23.04,235.2,724.8,True
_VAR3,AISC,23.04,240.0,739.1999999999999,True
_VAR3,AISC,23.04,244.79999999999998,753.6,True
_VAR3,Eurocode,23.04,9.6,48.0,True
_VAR3,Eurocode,23.04,14.399999999999999,62.4,True
_VAR3,Eurocode,23.04,19.2,76.8,True
_VAR3,Eurocode,23.04,24.0,91.2,True
_VAR3,Eurocode,23.04,28.799999999999997,105.6,True
_VAR3,Eurocode,23.04,33.6,120.0,True
_VAR3,Eurocode,23.04,38.4,134.4,True
_VAR3,Eurocode,23.04,43.199999999999996,148.79999999999998,True
_VAR3,Eurocode,23.04,48.0,163.2,True
_VAR3,Eurocode,23.04,52.8,177.6,True
_VAR3,Eurocode,23.04,57.599999999999994,192.0,True
_VAR3,Eurocode,23.04,62.4,206.4,True
_VAR3,Eurocode,23.04,67.2,220.79999999999998,True
_VAR3,Eurocode,23.04,72.0,235.2,True
_VAR3,Eurocode,23.04,76.8,249.6,True
_VAR3,Eurocode,23.04,81.6,264.0,True
_VAR3,Eurocode,23.04,86.39999999999999,278.4,True
_VAR3,Eurocode,23.04,91.2,292.8,True
_VAR3,Eurocode,23.04,96.0,307.2,True
_VAR3,Eurocode,23.04,100.8,321.59999999999997,True
_VAR3,Eurocode,23.04,105.6,336.0,True
_VAR3,Eurocode,23.04,110.39999999999999,350.4,True
_VAR3,Eurocode,23.04,115.19999999999999,364.8,True
_VAR3,Eurocode,23.04,120.0,379.2,True
_VAR3,Eurocode,23.04,124.8,393.59999999999997,True
_VAR3,Eurocode,23.04,129.6,408.0,True
_VAR3,Eurocode,23.04,134.4,422.4,True
_VAR3,Eurocode,23.04,139.2,436.8,True
_VAR3,Eurocode,23.04,144.0,451.2,True
_VAR3,Eurocode,23.04,148.79999999999998,465.59999999999997,True
_VAR3,Eurocode,23.04,153.6,480.0,True
_VAR3,Eurocode,23.04,158.4,494.4,True
_VAR3,Eurocode,23.04,163.2,508.79999999999995,True
_VAR3,Eurocode,23.04,168.0,523.1999999999999,True
_VAR3,Eurocode,23.04,172.79999999999998,537.6,True
_VAR3,Eurocode,23.04,177.6,552.0,True
_VAR3,Eurocode,23.04,182.4,566.4,True
_VAR3,Eurocode,23.04,187.2,580.8,True
_VAR3,Eurocode,23.04,192.0,595.1999999999999,True
_VAR3,Eurocode,23.04,196.79999999999998,609.6,True
_VAR3,Eurocode,23.04,201.6,624.0,True
_VAR3,Eurocode,23.04,206.4,638.4,True
_VAR3,Eurocode,23.04,211.2,652.8,True
_VAR3,Eurocode,23.04,216.0,667.1999999999999,True
_VAR3,Eurocode,23.04,220.79999999999998,681.6,True
_VAR3,Eurocode,23.04,225.6,696.0,True
_VAR3,Eurocode,23.04,230.39999999999998,710.4,True
_VAR3,Eurocode,23.04,235.2,724.8,True
_VAR3,Eurocode,23.04,240.0,739.1999999999999,True
_VAR3,Eurocode,23.04,244.79999999999998,753.6,True
_VAR3,BS,23.04,9.6,48.0,True
_VAR3,BS,23.04,14.399999999999999,62.4,True
_VAR3,BS,23.04,19.2,76.8,True
_VAR3,BS,23.04,24.0,91.2,True
_VAR3,BS,23.04,28.799999999999997,105.6,True
_VAR3,BS,23.04,33.6,120.0,True
_VAR3,BS,23.04,38.4,134.4,True
_VAR3,BS,23.04,43.199999999999996,148.79999999999998,True
_VAR3,BS,23.04,48.0,163.2,True
_VAR3,BS,23.04,52.8,177.6,True
_VAR3,BS,23.04,57.599999999999994,192.0,True
_VAR3,BS,23.04,62.4,206.4,True
_VAR3,BS,23.04,67.2,220.79999999999998,True
_VAR3,BS,23.04,72.0,235.2,True
_VAR3,BS,23.04,76.8,249.6,True
_VAR3,BS,23.04,81.6,264.0,True
_VAR3,BS,23.04,86.39999999999999,278.4,True
_VAR3,BS,23.04,91.2,292.8,True
_VAR3,BS,23.04,96.0,307.2,True
_VAR3,BS,23.04,100.8,321.59999999999997,True
_VAR3,BS,23.04,105.6,336.0,True
_VAR3,BS,23.04,110.39999999999999,350.4,True
_VAR3,BS,23.04,115.19999999999999,364.8,True
_VAR3,BS,23.04,120.0,379.2,True
_VAR3,BS,23.04,124.8,393.59999999999997,True
_VAR3,BS,23.04,129.6,408.0,True
_VAR3,BS,23.04,134.4,422.4,True
_VAR3,BS,23.04,139.2,436.8,True
_VAR3,BS,23.04,144.0,451.2,True
_VAR3,BS,23.04,148.79999999999998,465.59999999999997,True
_VAR3,BS,23.04,153.6,480.0,True
_VAR3,BS,23.04,158.4,494.4,True
_VAR3,BS,23.04,163.2,508.79999999999995,True
_VAR3,BS,23.04,168.0,523.1999999999999,True
_VAR3,BS,23.04,172.79999999999998,537.6,True
_VAR3,BS,23.04,177.6,552.0,True
_VAR3,BS,23.04,182.4,566.4,True
_VAR3,BS,23.04,187.2,580.8,True
_VAR3,BS,23.04,192.0,595.1999999999999,True
_VAR3,BS,23.04,196.79999999999998,609.6,True
_VAR3,BS,23.04,201.6,624.0,True
_VAR3,BS,23.04,206.4,638.4,True
_VAR3,BS,23.04,211.2,652.8,True
_VAR3,BS,23.04,216.0,667.1999999999999,True
_VAR3,BS,23.04,220.79999999999998,681.6,True
_VAR3,BS,23.04,225.6,696.0,True
_VAR3,BS,23.04,230.39999999999998,710.4,True
_VAR3,BS,23.04,235.2,724.8,True
_VAR3,BS,23.04,240.0,739.1999999999999,True
_VAR3,BS,23.04,244.79999999999998,753.6,True
_VAR3,GB,23.04,9.6,48.0,True
_VAR3,GB,23.04,14.399999999999999,62.4,True
_VAR3,GB,23.04,19.2,76.8,True
_VAR3,GB,23.04,24.0,91.2,True
_VAR3,GB,23.04,28.799999999999997,105.6,True
_VAR3,GB,23.04,33.6,120.0,True
_VAR3,GB,23.04,38.4,134.4,True
_VAR3,GB,23.04,43.199999999999996,148.79999999999998,True
_VAR3,GB,23.04,48.0,163.2,True
_VAR3,GB,23.04,52.8,177.6,True
_VAR3,GB,23.04,57.599999999999994,192.0,True
_VAR3,GB,23.04,62.4,206.4,True
_VAR3,GB,23.04,67.2,220.79999999999998,True
_VAR3,GB,23.04,72.0,235.2,True
_VAR3,GB,23.04,76.8,249.6,True
_VAR3,GB,23.04,81.6,264.0,True
_VAR3,GB,23.04,86.39999999999999,278.4,True
_VAR3,GB,23.04,91.2,292.8,True
_VAR3,GB,23.04,96.0,307.2,True
_VAR3,GB,23.04,100.8,321.59999999999997,True
_VAR3,GB,23.04,105.6,336.0,True
_VAR3,GB,23.04,110.39999999999999,350.4,True
_VAR3,GB,23.04,115.19999999999999,364.8,True
_VAR3,GB,23.04,120.0,379.2,True
_VAR3,GB,23.04,124.8,393.59999999999997,True
_VAR3,GB,23.04,129.6,408.0,True
_VAR3,GB,23.04,134.4,422.4,True
_VAR3,GB,23.04,139.2,436.8,True
_VAR3,GB,23.04,144.0,451.2,True
_VAR3,GB,23.04,148.79999999999998,465.59999999999997,True
_VAR3,GB,23.04,153.6,480.0,True
_VAR3,GB,23.04,158.4,494.4,True
_VAR3,GB,23.04,163.2,508.79999999999995,True
_VAR3,GB,23.04,168.0,523.1999999999999,True
_VAR3,GB,23.04,172.79999999999998,537.6,True
_VAR3,GB,23.04,177.6,552.0,True
_VAR3,GB,23.04,182.4,566.4,True
_VAR3,GB,23.04,187.2,580.8,True
_VAR3,GB,23.04,192.0,595.1999999999999,True
_VAR3,GB,23.04,196.79999999999998,609.6,True
_VAR3,GB,23.04,201.6,624.0,True
_VAR3,GB,23.04,206.4,638.4,True
_VAR3,GB,23.04,211.2,652.8,True
_VAR3,GB,23.04,216.0,667.1999999999999,True
_VAR3,GB,23.04,220.79999999999998,681.6,True
_VAR3,GB,23.04,225.6,696.0,True
_VAR3,GB,23.04,230.39999999999998,710.4,True
_VAR3,GB,23.04,235.2,724.8,True
_VAR3,GB,23.04,240.0,739.1999999999999,True
_VAR3,GB,23.04,244.79999999999998,753.6,True
W36x300_VAR4,AISC 360-22,35.28,86.53399999999999,294.0,True
W27x102_VAR4,AISC 360-22,26.558,29.4,99.96,True
HSS 12x12x1/2_VAR4,AISC 360-22,23.52,22.148,75.166,True
L 8x8x1_VAR4,AISC 360-22,23.52,14.7,49.98,True
IPE 300_VAR4,EN 10034,23.52,52.724,41.356,True
HEA 300_VAR4,EN 10034,23.52,109.75999999999999,86.53399999999999,True
UB 914x419x388_VAR4,BS 4-1:2005,23.52,484.12,380.24,True
H 1000x400x20x35_VAR4,GB/T 11264,23.52,1313.2,1029.98,True
_VAR4,AISC,23.52,9.8,49.0,True
_VAR4,AISC,23.52,14.7,63.699999999999996,True
_VAR4,AISC,23.52,19.6,78.4,True
_VAR4,AISC,23.52,24.5,93.1,True
_VAR4,AISC,23.52,29.4,107.8,True
_VAR4,AISC,23.52,34.3,122.5,True
_VAR4,AISC,23.52,39.2,137.2,True
_VAR4,AISC,23.52,44.1,151.9,True
_VAR4,AISC,23.52,49.0,166.6,True
_VAR4,AISC,23.52,53.9,181.29999999999998,True
_VAR4,AISC,23.52,58.8,196.0,True
_VAR4,AISC,23.52,63.699999999999996,210.7,True
_VAR4,AISC,23.52,68.6,225.4,True
_VAR4,AISC,23.52,73.5,240.1,True
_VAR4,AISC,23.52,78.4,254.79999999999998,True
_VAR4,AISC,23.52,83.3,269.5,True
_VAR4,AISC,23.52,88.2,284.2,True
_VAR4,AISC,23.52,93.1,298.9,True
_VAR4,AISC,23.52,98.0,313.6,True
_VAR4,AISC,23.52,102.89999999999999,328.3,True
_VAR4,AISC,23.52,107.8,343.0,True
_VAR4,AISC,23.52,112.7,357.7,True
_VAR4,AISC,23.52,117.6,372.4,True
_VAR4,AISC,23.52,122.5,387.09999999999997,True
_VAR4,AISC,23.52,127.39999999999999,401.8,True
_VAR4,AISC,23.52,132.3,416.5,True
_VAR4,AISC,23.52,137.2,431.2,True
_VAR4,AISC,23.52,142.1,445.9,True
_VAR4,AISC,23.52,147.0,460.59999999999997,True
_VAR4,AISC,23.52,151.9,475.3,True
_VAR4,AISC,23.52,156.8,490.0,True
_VAR4,AISC,23.52,161.7,504.7,True
_VAR4,AISC,23.52,166.6,519.4,True
_VAR4,AISC,23.52,171.5,534.1,True
_VAR4,AISC,23.52,176.4,548.8,True
_VAR4,AISC,23.52,181.29999999999998,563.5,True
_VAR4,AISC,23.52,186.2,578.2,True
_VAR4,AISC,23.52,191.1,592.9,True
_VAR4,AISC,23.52,196.0,607.6,True
_VAR4,AISC,23.52,200.9,622.3,True
_VAR4,AISC,23.52,205.79999999999998,637.0,True
_VAR4,AISC,23.52,210.7,651.6999999999999,True
_VAR4,AISC,23.52,215.6,666.4,True
_VAR4,AISC,23.52,220.5,681.1,True
_VAR4,AISC,23.52,225.4,695.8,True
_VAR4,AISC,23.52,230.29999999999998,710.5,True
_VAR4,AISC,23.52,235.2,725.1999999999999,True
_VAR4,AISC,23.52,240.1,739.9,True
_VAR4,AISC,23.52,245.0,754.6,True
_VAR4,AISC,23.52,249.9,769.3,True
_VAR4,Eurocode,23.52,9.8,49.0,True
_VAR4,Eurocode,23.52,14.7,63.699999999999996,True
_VAR4,Eurocode,23.52,19.6,78.4,True
_VAR4,Eurocode,23.52,24.5,93.1,True
_VAR4,Eurocode,23.52,29.4,107.8,True
_VAR4,Eurocode,23.52,34.3,122.5,True
_VAR4,Eurocode,23.52,39.2,137.2,True
_VAR4,Eurocode,23.52,44.1,151.9,True
_VAR4,Eurocode,23.52,49.0,166.6,True
_VAR4,Eurocode,23.52,53.9,181.29999999999998,True
_VAR4,Eurocode,23.52,58.8,196.0,True
_VAR4,Eurocode,23.52,63.699999999999996,210.7,True
_VAR4,Eurocode,23.52,68.6,225.4,True
_VAR4,Eurocode,23.52,73.5,240.1,True
_VAR4,Eurocode,23.52,78.4,254.79999999999998,True
_VAR4,Eurocode,23.52,83.3,269.5,True
_VAR4,Eurocode,23.52,88.2,284.2,True
_VAR4,Eurocode,23.52,93.1,298.9,True
_VAR4,Eurocode,23.52,98.0,313.6,True
_VAR4,Eurocode,23.52,102.89999999999999,328.3,True
_VAR4,Eurocode,23.52,107.8,343.0,True
_VAR4,Eurocode,23.52,112.7,357.7,True
_VAR4,Eurocode,23.52,117.6,372.4,True
_VAR4,Eurocode,23.52,122.5,387.09999999999997,True
_VAR4,Eurocode,23.52,127.39999999999999,401.8,True
_VAR4,Eurocode,23.52,132.3,416.5,True
_VAR4,Eurocode,23.52,137.2,431.2,True
_VAR4,Eurocode,23.52,142.1,445.9,True
_VAR4,Eurocode,23.52,147.0,460.59999999999997,True
_VAR4,Eurocode,23.52,151.9,475.3,True
_VAR4,Eurocode,23.52,156.8,490.0,True
_VAR4,Eurocode,23.52,161.7,504.7,True
_VAR4,Eurocode,23.52,166.6,519.4,True
_VAR4,Eurocode,23.52,171.5,534.1,True
_VAR4,Eurocode,23.52,176.4,548.8,True
_VAR4,Eurocode,23.52,181.29999999999998,563.5,True
_VAR4,Eurocode,23.52,186.2,578.2,True
_VAR4,Eurocode,23.52,191.1,592.9,True
_VAR4,Eurocode,23.52,196.0,607.6,True
_VAR4,Eurocode,23.52,200.9,622.3,True
_VAR4,Eurocode,23.52,205.79999999999998,637.0,True
_VAR4,Eurocode,23.52,210.7,651.6999999999999,True
_VAR4,Eurocode,23.52,215.6,666.4,True
_VAR4,Eurocode,23.52,220.5,681.1,True
_VAR4,Eurocode,23.52,225.4,695.8,True
_VAR4,Eurocode,23.52,230.29999999999998,710.5,True
_VAR4,Eurocode,23.52,235.2,725.1999999999999,True
_VAR4,Eurocode,23.52,240.1,739.9,True
_VAR4,Eurocode,23.52,245.0,754.6,True
_VAR4,Eurocode,23.52,249.9,769.3,True
_VAR4,BS,23.52,9.8,49.0,True
_VAR4,BS,23.52,14.7,63.699999999999996,True
_VAR4,BS,23.52,19.6,78.4,True
_VAR4,BS,23.52,24.5,93.1,True
_VAR4,BS,23.52,29.4,107.8,True
_VAR4,BS,23.52,34.3,122.5,True
_VAR4,BS,23.52,39.2,137.2,True
_VAR4,BS,23.52,44.1,151.9,True
_VAR4,BS,23.52,49.0,166.6,True
_VAR4,BS,23.52,53.9,181.29999999999998,True
_VAR4,BS,23.52,58.8,196.0,True
_VAR4,BS,23.52,63.699999999999996,210.7,True
_VAR4,BS,23.52,68.6,225.4,True
_VAR4,BS,23.52,73.5,240.1,True
_VAR4,BS,23.52,78.4,254.79999999999998,True
_VAR4,BS,23.52,83.3,269.5,True
_VAR4,BS,23.52,88.2,284.2,True
_VAR4,BS,23.52,93.1,298.9,True
_VAR4,BS,23.52,98.0,313.6,True
_VAR4,BS,23.52,102.89999999999999,328.3,True
_VAR4,BS,23.52,107.8,343.0,True
_VAR4,BS,23.52,112.7,357.7,True
_VAR4,BS,23.52,117.6,372.4,True
_VAR4,BS,23.52,122.5,387.09999999999997,True
_VAR4,BS,23.52,127.39999999999999,401.8,True
_VAR4,BS,23.52,132.3,416.5,True
_VAR4,BS,23.52,137.2,431.2,True
_VAR4,BS,23.52,142.1,445.9,True
_VAR4,BS,23.52,147.0,460.59999999999997,True
_VAR4,BS,23.52,151.9,475.3,True
_VAR4,BS,23.52,156.8,490.0,True
_VAR4,BS,23.52,161.7,504.7,True
_VAR4,BS,23.52,166.6,519.4,True
_VAR4,BS,23.52,171.5,534.1,True
_VAR4,BS,23.52,176.4,548.8,True
_VAR4,BS,23.52,181.29999999999998,563.5,True
_VAR4,BS,23.52,186.2,578.2,True
_VAR4,BS,23.52,191.1,592.9,True
_VAR4,BS,23.52,196.0,607.6,True
_VAR4,BS,23.52,200.9,622.3,True
_VAR4,BS,23.52,205.79999999999998,637.0,True
_VAR4,BS,23.52,210.7,651.6999999999999,True
_VAR4,BS,23.52,215.6,666.4,True
_VAR4,BS,23.52,220.5,681.1,True
_VAR4,BS,23.52,225.4,695.8,True
_VAR4,BS,23.52,230.29999999999998,710.5,True
_VAR4,BS,23.52,235.2,725.1999999999999,True
_VAR4,BS,23.52,240.1,739.9,True
_VAR4,BS,23.52,245.0,754.6,True
_VAR4,BS,23.52,249.9,769.3,True
_VAR4,GB,23.52,9.8,49.0,True
_VAR4,GB,23.52,14.7,63.699999999999996,True
_VAR4,GB,23.52,19.6,78.4,True
_VAR4,GB,23.52,24.5,93.1,True
_VAR4,GB,23.52,29.4,107.8,True
_VAR4,GB,23.52,34.3,122.5,True
_VAR4,GB,23.52,39.2,137.2,True
_VAR4,GB,23.52,44.1,151.9,True
_VAR4,GB,23.52,49.0,166.6,True
_VAR4,GB,23.52,53.9,181.29999999999998,True
_VAR4,GB,23.52,58.8,196.0,True
_VAR4,GB,23.52,63.699999999999996,210.7,True
_VAR4,GB,23.52,68.6,225.4,True
_VAR4,GB,23.52,73.5,240.1,True
_VAR4,GB,23.52,78.4,254.79999999999998,True
_VAR4,GB,23.52,83.3,269.5,True
_VAR4,GB,23.52,88.2,284.2,True
_VAR4,GB,23.52,93.1,298.9,True
_VAR4,GB,23.52,98.0,313.6,True
_VAR4,GB,23.52,102.89999999999999,328.3,True
_VAR4,GB,23.52,107.8,343.0,True
_VAR4,GB,23.52,112.7,357.7,True
_VAR4,GB,23.52,117.6,372.4,True
_VAR4,GB,23.52,122.5,387.09999999999997,True
_VAR4,GB,23.52,127.39999999999999,401.8,True
_VAR4,GB,23.52,132.3,416.5,True
_VAR4,GB,23.52,137.2,431.2,True
_VAR4,GB,23.52,142.1,445.9,True
_VAR4,GB,23.52,147.0,460.59999999999997,True
_VAR4,GB,23.52,151.9,475.3,True
_VAR4,GB,23.52,156.8,490.0,True
_VAR4,GB,23.52,161.7,504.7,True
_VAR4,GB,23.52,166.6,519.4,True
_VAR4,GB,23.52,171.5,534.1,True
_VAR4,GB,23.52,176.4,548.8,True
_VAR4,GB,23.52,181.29999999999998,563.5,True
_VAR4,GB,23.52,186.2,578.2,True
_VAR4,GB,23.52,191.1,592.9,True
_VAR4,GB,23.52,196.0,607.6,True
_VAR4,GB,23.52,200.9,622.3,True
_VAR4,GB,23.52,205.79999999999998,637.0,True
_VAR4,GB,23.52,210.7,651.6999999999999,True
_VAR4,GB,23.52,215.6,666.4,True
_VAR4,GB,23.52,220.5,681.1,True
_VAR4,GB,23.52,225.4,695.8,True
_VAR4,GB,23.52,230.29999999999998,710.5,True
_VAR4,GB,23.52,235.2,725.1999999999999,True
_VAR4,GB,23.52,240.1,739.9,True
_VAR4,GB,23.52,245.0,754.6,True
_VAR4,GB,23.52,249.9,769.3,True
W36x300_VAR5,AISC 360-22,36.0,88.3,300.0,True
W27x102_VAR5,AISC 360-22,27.1,30.0,102.0,True
HSS 12x12x1/2_VAR5,AISC 360-22,24.0,22.6,76.7,True
L 8x8x1_VAR5,AISC 360-22,24.0,15.0,51.0,True
IPE 300_VAR5,EN 10034,24.0,53.8,42.2,True
HEA 300_VAR5,EN 10034,24.0,112.0,88.3,True
UB 914x419x388_VAR5,BS 4-1:2005,24.0,494.0,388.0,True
H 1000x400x20x35_VAR5,GB/T 11264,24.0,1340.0,1051.0,True
_VAR5,AISC,24.0,10.0,50.0,True
_VAR5,AISC,24.0,15.0,65.0,True
_VAR5,AISC,24.0,20.0,80.0,True
_VAR5,AISC,24.0,25.0,95.0,True
_VAR5,AISC,24.0,30.0,110.0,True
_VAR5,AISC,24.0,35.0,125.0,True
_VAR5,AISC,24.0,40.0,140.0,True
_VAR5,AISC,24.0,45.0,155.0,True
_VAR5,AISC,24.0,50.0,170.0,True
_VAR5,AISC,24.0,55.0,185.0,True
_VAR5,AISC,24.0,60.0,200.0,True
_VAR5,AISC,24.0,65.0,215.0,True
_VAR5,AISC,24.0,70.0,230.0,True
_VAR5,AISC,24.0,75.0,245.0,True
_VAR5,AISC,24.0,80.0,260.0,True
_VAR5,AISC,24.0,85.0,275.0,True
_VAR5,AISC,24.0,90.0,290.0,True
_VAR5,AISC,24.0,95.0,305.0,True
_VAR5,AISC,24.0,100.0,320.0,True
_VAR5,AISC,24.0,105.0,335.0,True
_VAR5,AISC,24.0,110.0,350.0,True
_VAR5,AISC,24.0,115.0,365.0,True
_VAR5,AISC,24.0,120.0,380.0,True
_VAR5,AISC,24.0,125.0,395.0,True
_VAR5,AISC,24.0,130.0,410.0,True
_VAR5,AISC,24.0,135.0,425.0,True
_VAR5,AISC,24.0,140.0,440.0,True
_VAR5,AISC,24.0,145.0,455.0,True
_VAR5,AISC,24.0,150.0,470.0,True
_VAR5,AISC,24.0,155.0,485.0,True
_VAR5,AISC,24.0,160.0,500.0,True
_VAR5,AISC,24.0,165.0,515.0,True
_VAR5,AISC,24.0,170.0,530.0,True
_VAR5,AISC,24.0,175.0,545.0,True
_VAR5,AISC,24.0,180.0,560.0,True
_VAR5,AISC,24.0,185.0,575.0,True
_VAR5,AISC,24.0,190.0,590.0,True
_VAR5,AISC,24.0,195.0,605.0,True
_VAR5,AISC,24.0,200.0,620.0,True
_VAR5,AISC,24.0,205.0,635.0,True
_VAR5,AISC,24.0,210.0,650.0,True
_VAR5,AISC,24.0,215.0,665.0,True
_VAR5,AISC,24.0,220.0,680.0,True
_VAR5,AISC,24.0,225.0,695.0,True
_VAR5,AISC,24.0,230.0,710.0,True
_VAR5,AISC,24.0,235.0,725.0,True
_VAR5,AISC,24.0,240.0,740.0,True
_VAR5,AISC,24.0,245.0,755.0,True
_VAR5,AISC,24.0,250.0,770.0,True
_VAR5,AISC,24.0,255.0,785.0,True
_VAR5,Eurocode,24.0,10.0,50.0,True
_VAR5,Eurocode,24.0,15.0,65.0,True
_VAR5,Eurocode,24.0,20.0,80.0,True
_VAR5,Eurocode,24.0,25.0,95.0,True
_VAR5,Eurocode,24.0,30.0,110.0,True
_VAR5,Eurocode,24.0,35.0,125.0,True
_VAR5,Eurocode,24.0,40.0,140.0,True
_VAR5,Eurocode,24.0,45.0,155.0,True
_VAR5,Eurocode,24.0,50.0,170.0,True
_VAR5,Eurocode,24.0,55.0,185.0,True
_VAR5,Eurocode,24.0,60.0,200.0,True
_VAR5,Eurocode,24.0,65.0,215.0,True
_VAR5,Eurocode,24.0,70.0,230.0,True
_VAR5,Eurocode,24.0,75.0,245.0,True
_VAR5,Eurocode,24.0,80.0,260.0,True
_VAR5,Eurocode,24.0,85.0,275.0,True
_VAR5,Eurocode,24.0,90.0,290.0,True
_VAR5,Eurocode,24.0,95.0,305.0,True
_VAR5,Eurocode,24.0,100.0,320.0,True
_VAR5,Eurocode,24.0,105.0,335.0,True
_VAR5,Eurocode,24.0,110.0,350.0,True
_VAR5,Eurocode,24.0,115.0,365.0,True
_VAR5,Eurocode,24.0,120.0,380.0,True
_VAR5,Eurocode,24.0,125.0,395.0,True
_VAR5,Eurocode,24.0,130.0,410.0,True
_VAR5,Eurocode,24.0,135.0,425.0,True
_VAR5,Eurocode,24.0,140.0,440.0,True
_VAR5,Eurocode,24.0,145.0,455.0,True
_VAR5,Eurocode,24.0,150.0,470.0,True
_VAR5,Eurocode,24.0,155.0,485.0,True
_VAR5,Eurocode,24.0,160.0,500.0,True
_VAR5,Eurocode,24.0,165.0,515.0,True
_VAR5,Eurocode,24.0,170.0,530.0,True
_VAR5,Eurocode,24.0,175.0,545.0,True
_VAR5,Eurocode,24.0,180.0,560.0,True
_VAR5,Eurocode,24.0,185.0,575.0,True
_VAR5,Eurocode,24.0,190.0,590.0,True
_VAR5,Eurocode,24.0,195.0,605.0,True
_VAR5,Eurocode,24.0,200.0,620.0,True
_VAR5,Eurocode,24.0,205.0,635.0,True
_VAR5,Eurocode,24.0,210.0,650.0,True
_VAR5,Eurocode,24.0,215.0,665.0,True
_VAR5,Eurocode,24.0,220.0,680.0,True
_VAR5,Eurocode,24.0,225.0,695.0,True
_VAR5,Eurocode,24.0,230.0,710.0,True
_VAR5,Eurocode,24.0,235.0,725.0,True
_VAR5,Eurocode,24.0,240.0,740.0,True
_VAR5,Eurocode,24.0,245.0,755.0,True
_VAR5,Eurocode,24.0,250.0,770.0,True
_VAR5,Eurocode,24.0,255.0,785.0,True
_VAR5,BS,24.0,10.0,50.0,True
_VAR5,BS,24.0,15.0,65.0,True
_VAR5,BS,24.0,20.0,80.0,True
_VAR5,BS,24.0,25.0,95.0,True
_VAR5,BS,24.0,30.0,110.0,True
_VAR5,BS,24.0,35.0,125.0,True
_VAR5,BS,24.0,40.0,140.0,True
_VAR5,BS,24.0,45.0,155.0,True
_VAR5,BS,24.0,50.0,170.0,True
_VAR5,BS,24.0,55.0,185.0,True
_VAR5,BS,24.0,60.0,200.0,True
_VAR5,BS,24.0,65.0,215.0,True
_VAR5,BS,24.0,70.0,230.0,True
_VAR5,BS,24.0,75.0,245.0,True
_VAR5,BS,24.0,80.0,260.0,True
_VAR5,BS,24.0,85.0,275.0,True
_VAR5,BS,24.0,90.0,290.0,True
_VAR5,BS,24.0,95.0,305.0,True
_VAR5,BS,24.0,100.0,320.0,True
_VAR5,BS,24.0,105.0,335.0,True
_VAR5,BS,24.0,110.0,350.0,True
_VAR5,BS,24.0,115.0,365.0,True
_VAR5,BS,24.0,120.0,380.0,True
_VAR5,BS,24.0,125.0,395.0,True
_VAR5,BS,24.0,130.0,410.0,True
_VAR5,BS,24.0,135.0,425.0,True
_VAR5,BS,24.0,140.0,440.0,True
_VAR5,BS,24.0,145.0,455.0,True
_VAR5,BS,24.0,150.0,470.0,True
_VAR5,BS,24.0,155.0,485.0,True
_VAR5,BS,24.0,160.0,500.0,True
_VAR5,BS,24.0,165.0,515.0,True
_VAR5,BS,24.0,170.0,530.0,True
_VAR5,BS,24.0,175.0,545.0,True
_VAR5,BS,24.0,180.0,560.0,True
_VAR5,BS,24.0,185.0,575.0,True
_VAR5,BS,24.0,190.0,590.0,True
_VAR5,BS,24.0,195.0,605.0,True
_VAR5,BS,24.0,200.0,620.0,True
_VAR5,BS,24.0,205.0,635.0,True
_VAR5,BS,24.0,210.0,650.0,True
_VAR5,BS,24.0,215.0,665.0,True
_VAR5,BS,24.0,220.0,680.0,True
_VAR5,BS,24.0,225.0,695.0,True
_VAR5,BS,24.0,230.0,710.0,True
_VAR5,BS,24.0,235.0,725.0,True
_VAR5,BS,24.0,240.0,740.0,True
_VAR5,BS,24.0,245.0,755.0,True
_VAR5,BS,24.0,250.0,770.0,True
_VAR5,BS,24.0,255.0,785.0,True
_VAR5,GB,24.0,10.0,50.0,True
_VAR5,GB,24.0,15.0,65.0,True
_VAR5,GB,24.0,20.0,80.0,True
_VAR5,GB,24.0,25.0,95.0,True
_VAR5,GB,24.0,30.0,110.0,True
_VAR5,GB,24.0,35.0,125.0,True
_VAR5,GB,24.0,40.0,140.0,True
_VAR5,GB,24.0,45.0,155.0,True
_VAR5,GB,24.0,50.0,170.0,True
_VAR5,GB,24.0,55.0,185.0,True
_VAR5,GB,24.0,60.0,200.0,True
_VAR5,GB,24.0,65.0,215.0,True
_VAR5,GB,24.0,70.0,230.0,True
_VAR5,GB,24.0,75.0,245.0,True
_VAR5,GB,24.0,80.0,260.0,True
_VAR5,GB,24.0,85.0,275.0,True
_VAR5,GB,24.0,90.0,290.0,True
_VAR5,GB,24.0,95.0,305.0,True
_VAR5,GB,24.0,100.0,320.0,True
_VAR5,GB,24.0,105.0,335.0,True
_VAR5,GB,24.0,110.0,350.0,True
_VAR5,GB,24.0,115.0,365.0,True
_VAR5,GB,24.0,120.0,380.0,True
_VAR5,GB,24.0,125.0,395.0,True
_VAR5,GB,24.0,130.0,410.0,True
_VAR5,GB,24.0,135.0,425.0,True
_VAR5,GB,24.0,140.0,440.0,True
_VAR5,GB,24.0,145.0,455.0,True
_VAR5,GB,24.0,150.0,470.0,True
_VAR5,GB,24.0,155.0,485.0,True
_VAR5,GB,24.0,160.0,500.0,True
_VAR5,GB,24.0,165.0,515.0,True
_VAR5,GB,24.0,170.0,530.0,True
_VAR5,GB,24.0,175.0,545.0,True
_VAR5,GB,24.0,180.0,560.0,True
_VAR5,GB,24.0,185.0,575.0,True
_VAR5,GB,24.0,190.0,590.0,True
_VAR5,GB,24.0,195.0,605.0,True
_VAR5,GB,24.0,200.0,620.0,True
_VAR5,GB,24.0,205.0,635.0,True
_VAR5,GB,24.0,210.0,650.0,True
_VAR5,GB,24.0,215.0,665.0,True
_VAR5,GB,24.0,220.0,680.0,True
_VAR5,GB,24.0,225.0,695.0,True
_VAR5,GB,24.0,230.0,710.0,True
_VAR5,GB,24.0,235.0,725.0,True
_VAR5,GB,24.0,240.0,740.0,True
_VAR5,GB,24.0,245.0,755.0,True
_VAR5,GB,24.0,250.0,770.0,True
_VAR5,GB,24.0,255.0,785.0,True
W36x300_VAR6,AISC 360-22,36.72,90.066,306.0,True
W27x102_VAR6,AISC 360-22,27.642000000000003,30.6,104.04,True
HSS 12x12x1/2_VAR6,AISC 360-22,24.48,23.052000000000003,78.23400000000001,True
L 8x8x1_VAR6,AISC 360-22,24.48,15.3,52.02,True
IPE 300_VAR6,EN 10034,24.48,54.876,43.044000000000004,True
HEA 300_VAR6,EN 10034,24.48,114.24000000000001,90.066,True
UB 914x419x388_VAR6,BS 4-1:2005,24.48,503.88,395.76,True
H 1000x400x20x35_VAR6,GB/T 11264,24.48,1366.8,1072.02,True
_VAR6,AISC,24.48,10.2,51.0,True
_VAR6,AISC,24.48,15.3,66.3,True
_VAR6,AISC,24.48,20.4,81.6,True
_VAR6,AISC,24.48,25.5,96.9,True
_VAR6,AISC,24.48,30.6,112.2,True
_VAR6,AISC,24.48,35.7,127.5,True
_VAR6,AISC,24.48,40.8,142.8,True
_VAR6,AISC,24.48,45.9,158.1,True
_VAR6,AISC,24.48,51.0,173.4,True
_VAR6,AISC,24.48,56.1,188.70000000000002,True
_VAR6,AISC,24.48,61.2,204.0,True
_VAR6,AISC,24.48,66.3,219.3,True
_VAR6,AISC,24.48,71.4,234.6,True
_VAR6,AISC,24.48,76.5,249.9,True
_VAR6,AISC,24.48,81.6,265.2,True
_VAR6,AISC,24.48,86.7,280.5,True
_VAR6,AISC,24.48,91.8,295.8,True
_VAR6,AISC,24.48,96.9,311.1,True
_VAR6,AISC,24.48,102.0,326.4,True
_VAR6,AISC,24.48,107.10000000000001,341.7,True
_VAR6,AISC,24.48,112.2,357.0,True
_VAR6,AISC,24.48,117.3,372.3,True
_VAR6,AISC,24.48,122.4,387.6,True
_VAR6,AISC,24.48,127.5,402.90000000000003,True
_VAR6,AISC,24.48,132.6,418.2,True
_VAR6,AISC,24.48,137.7,433.5,True
_VAR6,AISC,24.48,142.8,448.8,True
_VAR6,AISC,24.48,147.9,464.1,True
_VAR6,AISC,24.48,153.0,479.40000000000003,True
_VAR6,AISC,24.48,158.1,494.7,True
_VAR6,AISC,24.48,163.2,510.0,True
_VAR6,AISC,24.48,168.3,525.3,True
_VAR6,AISC,24.48,173.4,540.6,True
_VAR6,AISC,24.48,178.5,555.9,True
_VAR6,AISC,24.48,183.6,571.2,True
_VAR6,AISC,24.48,188.70000000000002,586.5,True
_VAR6,AISC,24.48,193.8,601.8,True
_VAR6,AISC,24.48,198.9,617.1,True
_VAR6,AISC,24.48,204.0,632.4,True
_VAR6,AISC,24.48,209.1,647.7,True
_VAR6,AISC,24.48,214.20000000000002,663.0,True
_VAR6,AISC,24.48,219.3,678.3000000000001,True
_VAR6,AISC,24.48,224.4,693.6,True
_VAR6,AISC,24.48,229.5,708.9,True
_VAR6,AISC,24.48,234.6,724.2,True
_VAR6,AISC,24.48,239.70000000000002,739.5,True
_VAR6,AISC,24.48,244.8,754.8000000000001,True
_VAR6,AISC,24.48,249.9,770.1,True
_VAR6,AISC,24.48,255.0,785.4,True
_VAR6,AISC,24.48,260.1,800.7,True
_VAR6,Eurocode,24.48,10.2,51.0,True
_VAR6,Eurocode,24.48,15.3,66.3,True
_VAR6,Eurocode,24.48,20.4,81.6,True
_VAR6,Eurocode,24.48,25.5,96.9,True
_VAR6,Eurocode,24.48,30.6,112.2,True
_VAR6,Eurocode,24.48,35.7,127.5,True
_VAR6,Eurocode,24.48,40.8,142.8,True
_VAR6,Eurocode,24.48,45.9,158.1,True
_VAR6,Eurocode,24.48,51.0,173.4,True
_VAR6,Eurocode,24.48,56.1,188.70000000000002,True
_VAR6,Eurocode,24.48,61.2,204.0,True
_VAR6,Eurocode,24.48,66.3,219.3,True
_VAR6,Eurocode,24.48,71.4,234.6,True
_VAR6,Eurocode,24.48,76.5,249.9,True
_VAR6,Eurocode,24.48,81.6,265.2,True
_VAR6,Eurocode,24.48,86.7,280.5,True
_VAR6,Eurocode,24.48,91.8,295.8,True
_VAR6,Eurocode,24.48,96.9,311.1,True
_VAR6,Eurocode,24.48,102.0,326.4,True
_VAR6,Eurocode,24.48,107.10000000000001,341.7,True
_VAR6,Eurocode,24.48,112.2,357.0,True
_VAR6,Eurocode,24.48,117.3,372.3,True
_VAR6,Eurocode,24.48,122.4,387.6,True
_VAR6,Eurocode,24.48,127.5,402.90000000000003,True
_VAR6,Eurocode,24.48,132.6,418.2,True
_VAR6,Eurocode,24.48,137.7,433.5,True
_VAR6,Eurocode,24.48,142.8,448.8,True
_VAR6,Eurocode,24.48,147.9,464.1,True
_VAR6,Eurocode,24.48,153.0,479.40000000000003,True
_VAR6,Eurocode,24.48,158.1,494.7,True
_VAR6,Eurocode,24.48,163.2,510.0,True
_VAR6,Eurocode,24.48,168.3,525.3,True
_VAR6,Eurocode,24.48,173.4,540.6,True
_VAR6,Eurocode,24.48,178.5,555.9,True
_VAR6,Eurocode,24.48,183.6,571.2,True
_VAR6,Eurocode,24.48,188.70000000000002,586.5,True
_VAR6,Eurocode,24.48,193.8,601.8,True
_VAR6,Eurocode,24.48,198.9,617.1,True
_VAR6,Eurocode,24.48,204.0,632.4,True
_VAR6,Eurocode,24.48,209.1,647.7,True
_VAR6,Eurocode,24.48,214.20000000000002,663.0,True
_VAR6,Eurocode,24.48,219.3,678.3000000000001,True
_VAR6,Eurocode,24.48,224.4,693.6,True
_VAR6,Eurocode,24.48,229.5,708.9,True
_VAR6,Eurocode,24.48,234.6,724.2,True
_VAR6,Eurocode,24.48,239.70000000000002,739.5,True
_VAR6,Eurocode,24.48,244.8,754.8000000000001,True
_VAR6,Eurocode,24.48,249.9,770.1,True
_VAR6,Eurocode,24.48,255.0,785.4,True
_VAR6,Eurocode,24.48,260.1,800.7,True
_VAR6,BS,24.48,10.2,51.0,True
_VAR6,BS,24.48,15.3,66.3,True
_VAR6,BS,24.48,20.4,81.6,True
_VAR6,BS,24.48,25.5,96.9,True
_VAR6,BS,24.48,30.6,112.2,True
_VAR6,BS,24.48,35.7,127.5,True
_VAR6,BS,24.48,40.8,142.8,True
_VAR6,BS,24.48,45.9,158.1,True
_VAR6,BS,24.48,51.0,173.4,True
_VAR6,BS,24.48,56.1,188.70000000000002,True
_VAR6,BS,24.48,61.2,204.0,True
_VAR6,BS,24.48,66.3,219.3,True
_VAR6,BS,24.48,71.4,234.6,True
_VAR6,BS,24.48,76.5,249.9,True
_VAR6,BS,24.48,81.6,265.2,True
_VAR6,BS,24.48,86.7,280.5,True
_VAR6,BS,24.48,91.8,295.8,True
_VAR6,BS,24.48,96.9,311.1,True
_VAR6,BS,24.48,102.0,326.4,True
_VAR6,BS,24.48,107.10000000000001,341.7,True
_VAR6,BS,24.48,112.2,357.0,True
_VAR6,BS,24.48,117.3,372.3,True
_VAR6,BS,24.48,122.4,387.6,True
_VAR6,BS,24.48,127.5,402.90000000000003,True
_VAR6,BS,24.48,132.6,418.2,True
_VAR6,BS,24.48,137.7,433.5,True
_VAR6,BS,24.48,142.8,448.8,True
_VAR6,BS,24.48,147.9,464.1,True
_VAR6,BS,24.48,153.0,479.40000000000003,True
_VAR6,BS,24.48,158.1,494.7,True
_VAR6,BS,24.48,163.2,510.0,True
_VAR6,BS,24.48,168.3,525.3,True
_VAR6,BS,24.48,173.4,540.6,True
_VAR6,BS,24.48,178.5,555.9,True
_VAR6,BS,24.48,183.6,571.2,True
_VAR6,BS,24.48,188.70000000000002,586.5,True
_VAR6,BS,24.48,193.8,601.8,True
_VAR6,BS,24.48,198.9,617.1,True
_VAR6,BS,24.48,204.0,632.4,True
_VAR6,BS,24.48,209.1,647.7,True
_VAR6,BS,24.48,214.20000000000002,663.0,True
_VAR6,BS,24.48,219.3,678.3000000000001,True
_VAR6,BS,24.48,224.4,693.6,True
_VAR6,BS,24.48,229.5,708.9,True
_VAR6,BS,24.48,234.6,724.2,True
_VAR6,BS,24.48,239.70000000000002,739.5,True
_VAR6,BS,24.48,244.8,754.8000000000001,True
_VAR6,BS,24.48,249.9,770.1,True
_VAR6,BS,24.48,255.0,785.4,True
_VAR6,BS,24.48,260.1,800.7,True
_VAR6,GB,24.48,10.2,51.0,True
_VAR6,GB,24.48,15.3,66.3,True
_VAR6,GB,24.48,20.4,81.6,True
_VAR6,GB,24.48,25.5,96.9,True
_VAR6,GB,24.48,30.6,112.2,True
_VAR6,GB,24.48,35.7,127.5,True
_VAR6,GB,24.48,40.8,142.8,True
_VAR6,GB,24.48,45.9,158.1,True
_VAR6,GB,24.48,51.0,173.4,True
_VAR6,GB,24.48,56.1,188.70000000000002,True
_VAR6,GB,24.48,61.2,204.0,True
_VAR6,GB,24.48,66.3,219.3,True
_VAR6,GB,24.48,71.4,234.6,True
_VAR6,GB,24.48,76.5,249.9,True
_VAR6,GB,24.48,81.6,265.2,True
_VAR6,GB,24.48,86.7,280.5,True
_VAR6,GB,24.48,91.8,295.8,True
_VAR6,GB,24.48,96.9,311.1,True
_VAR6,GB,24.48,102.0,326.4,True
_VAR6,GB,24.48,107.10000000000001,341.7,True
_VAR6,GB,24.48,112.2,357.0,True
_VAR6,GB,24.48,117.3,372.3,True
_VAR6,GB,24.48,122.4,387.6,True
_VAR6,GB,24.48,127.5,402.90000000000003,True
_VAR6,GB,24.48,132.6,418.2,True
_VAR6,GB,24.48,137.7,433.5,True
_VAR6,GB,24.48,142.8,448.8,True
_VAR6,GB,24.48,147.9,464.1,True
_VAR6,GB,24.48,153.0,479.40000000000003,True
_VAR6,GB,24.48,158.1,494.7,True
_VAR6,GB,24.48,163.2,510.0,True
_VAR6,GB,24.48,168.3,525.3,True
_VAR6,GB,24.48,173.4,540.6,True
_VAR6,GB,24.48,178.5,555.9,True
_VAR6,GB,24.48,183.6,571.2,True
_VAR6,GB,24.48,188.70000000000002,586.5,True
_VAR6,GB,24.48,193.8,601.8,True
_VAR6,GB,24.48,198.9,617.1,True
_VAR6,GB,24.48,204.0,632.4,True
_VAR6,GB,24.48,209.1,647.7,True
_VAR6,GB,24.48,214.20000000000002,663.0,True
_VAR6,GB,24.48,219.3,678.3000000000001,True
_VAR6,GB,24.48,224.4,693.6,True
_VAR6,GB,24.48,229.5,708.9,True
_VAR6,GB,24.48,234.6,724.2,True
_VAR6,GB,24.48,239.70000000000002,739.5,True
_VAR6,GB,24.48,244.8,754.8000000000001,True
_VAR6,GB,24.48,249.9,770.1,True
_VAR6,GB,24.48,255.0,785.4,True
_VAR6,GB,24.48,260.1,800.7,True
W36x300_VAR7,AISC 360-22,37.44,91.832,312.0,True
W27x102_VAR7,AISC 360-22,28.184,31.200000000000003,106.08,True
HSS 12x12x1/2_VAR7,AISC 360-22,24.96,23.504,79.768,True
L 8x8x1_VAR7,AISC 360-22,24.96,15.600000000000001,53.04,True
IPE 300_VAR7,EN 10034,24.96,55.952,43.888000000000005,True
HEA 300_VAR7,EN 10034,24.96,116.48,91.832,True
UB 914x419x388_VAR7,BS 4-1:2005,24.96,513.76,403.52000000000004,True
H 1000x400x20x35_VAR7,GB/T 11264,24.96,1393.6000000000001,1093.04,True
_VAR7,AISC,24.96,10.4,52.0,True
_VAR7,AISC,24.96,15.600000000000001,67.60000000000001,True
_VAR7,AISC,24.96,20.8,83.2,True
_VAR7,AISC,24.96,26.0,98.8,True
_VAR7,AISC,24.96,31.200000000000003,114.4,True
_VAR7,AISC,24.96,36.4,130.0,True
_VAR7,AISC,24.96,41.6,145.6,True
_VAR7,AISC,24.96,46.800000000000004,161.20000000000002,True
_VAR7,AISC,24.96,52.0,176.8,True
_VAR7,AISC,24.96,57.2,192.4,True
_VAR7,AISC,24.96,62.400000000000006,208.0,True
_VAR7,AISC,24.96,67.60000000000001,223.6,True
_VAR7,AISC,24.96,72.8,239.20000000000002,True
_VAR7,AISC,24.96,78.0,254.8,True
_VAR7,AISC,24.96,83.2,270.40000000000003,True
_VAR7,AISC,24.96,88.4,286.0,True
_VAR7,AISC,24.96,93.60000000000001,301.6,True
_VAR7,AISC,24.96,98.8,317.2,True
_VAR7,AISC,24.96,104.0,332.8,True
_VAR7,AISC,24.96,109.2,348.40000000000003,True
_VAR7,AISC,24.96,114.4,364.0,True
_VAR7,AISC,24.96,119.60000000000001,379.6,True
_VAR7,AISC,24.96,124.80000000000001,395.2,True
_VAR7,AISC,24.96,130.0,410.8,True
_VAR7,AISC,24.96,135.20000000000002,426.40000000000003,True
_VAR7,AISC,24.96,140.4,442.0,True
_VAR7,AISC,24.96,145.6,457.6,True
_VAR7,AISC,24.96,150.8,473.2,True
_VAR7,AISC,24.96,156.0,488.8,True
_VAR7,AISC,24.96,161.20000000000002,504.40000000000003,True
_VAR7,AISC,24.96,166.4,520.0,True
_VAR7,AISC,24.96,171.6,535.6,True
_VAR7,AISC,24.96,176.8,551.2,True
_VAR7,AISC,24.96,182.0,566.8000000000001,True
_VAR7,AISC,24.96,187.20000000000002,582.4,True
_VAR7,AISC,24.96,192.4,598.0,True
_VAR7,AISC,24.96,197.6,613.6,True
_VAR7,AISC,24.96,202.8,629.2,True
_VAR7,AISC,24.96,208.0,644.8000000000001,True
_VAR7,AISC,24.96,213.20000000000002,660.4,True
_VAR7,AISC,24.96,218.4,676.0,True
_VAR7,AISC,24.96,223.6,691.6,True
_VAR7,AISC,24.96,228.8,707.2,True
_VAR7,AISC,24.96,234.0,722.8000000000001,True
_VAR7,AISC,24.96,239.20000000000002,738.4,True
_VAR7,AISC,24.96,244.4,754.0,True
_VAR7,AISC,24.96,249.60000000000002,769.6,True
_VAR7,AISC,24.96,254.8,785.2,True
_VAR7,AISC,24.96,260.0,800.8000000000001,True
_VAR7,AISC,24.96,265.2,816.4,True
_VAR7,Eurocode,24.96,10.4,52.0,True
_VAR7,Eurocode,24.96,15.600000000000001,67.60000000000001,True
_VAR7,Eurocode,24.96,20.8,83.2,True
_VAR7,Eurocode,24.96,26.0,98.8,True
_VAR7,Eurocode,24.96,31.200000000000003,114.4,True
_VAR7,Eurocode,24.96,36.4,130.0,True
_VAR7,Eurocode,24.96,41.6,145.6,True
_VAR7,Eurocode,24.96,46.800000000000004,161.20000000000002,True
_VAR7,Eurocode,24.96,52.0,176.8,True
_VAR7,Eurocode,24.96,57.2,192.4,True
_VAR7,Eurocode,24.96,62.400000000000006,208.0,True
_VAR7,Eurocode,24.96,67.60000000000001,223.6,True
_VAR7,Eurocode,24.96,72.8,239.20000000000002,True
_VAR7,Eurocode,24.96,78.0,254.8,True
_VAR7,Eurocode,24.96,83.2,270.40000000000003,True
_VAR7,Eurocode,24.96,88.4,286.0,True
_VAR7,Eurocode,24.96,93.60000000000001,301.6,True
_VAR7,Eurocode,24.96,98.8,317.2,True
_VAR7,Eurocode,24.96,104.0,332.8,True
_VAR7,Eurocode,24.96,109.2,348.40000000000003,True
_VAR7,Eurocode,24.96,114.4,364.0,True
_VAR7,Eurocode,24.96,119.60000000000001,379.6,True
_VAR7,Eurocode,24.96,124.80000000000001,395.2,True
_VAR7,Eurocode,24.96,130.0,410.8,True
_VAR7,Eurocode,24.96,135.20000000000002,426.40000000000003,True
_VAR7,Eurocode,24.96,140.4,442.0,True
_VAR7,Eurocode,24.96,145.6,457.6,True
_VAR7,Eurocode,24.96,150.8,473.2,True
_VAR7,Eurocode,24.96,156.0,488.8,True
_VAR7,Eurocode,24.96,161.20000000000002,504.40000000000003,True
_VAR7,Eurocode,24.96,166.4,520.0,True
_VAR7,Eurocode,24.96,171.6,535.6,True
_VAR7,Eurocode,24.96,176.8,551.2,True
_VAR7,Eurocode,24.96,182.0,566.8000000000001,True
_VAR7,Eurocode,24.96,187.20000000000002,582.4,True
_VAR7,Eurocode,24.96,192.4,598.0,True
_VAR7,Eurocode,24.96,197.6,613.6,True
_VAR7,Eurocode,24.96,202.8,629.2,True
_VAR7,Eurocode,24.96,208.0,644.8000000000001,True
_VAR7,Eurocode,24.96,213.20000000000002,660.4,True
_VAR7,Eurocode,24.96,218.4,676.0,True
_VAR7,Eurocode,24.96,223.6,691.6,True
_VAR7,Eurocode,24.96,228.8,707.2,True
_VAR7,Eurocode,24.96,234.0,722.8000000000001,True
_VAR7,Eurocode,24.96,239.20000000000002,738.4,True
_VAR7,Eurocode,24.96,244.4,754.0,True
_VAR7,Eurocode,24.96,249.60000000000002,769.6,True
_VAR7,Eurocode,24.96,254.8,785.2,True
_VAR7,Eurocode,24.96,260.0,800.8000000000001,True
_VAR7,Eurocode,24.96,265.2,816.4,True
_VAR7,BS,24.96,10.4,52.0,True
_VAR7,BS,24.96,15.600000000000001,67.60000000000001,True
_VAR7,BS,24.96,20.8,83.2,True
_VAR7,BS,24.96,26.0,98.8,True
_VAR7,BS,24.96,31.200000000000003,114.4,True
_VAR7,BS,24.96,36.4,130.0,True
_VAR7,BS,24.96,41.6,145.6,True
_VAR7,BS,24.96,46.800000000000004,161.20000000000002,True
_VAR7,BS,24.96,52.0,176.8,True
_VAR7,BS,24.96,57.2,192.4,True
_VAR7,BS,24.96,62.400000000000006,208.0,True
_VAR7,BS,24.96,67.60000000000001,223.6,True
_VAR7,BS,24.96,72.8,239.20000000000002,True
_VAR7,BS,24.96,78.0,254.8,True
_VAR7,BS,24.96,83.2,270.40000000000003,True
_VAR7,BS,24.96,88.4,286.0,True
_VAR7,BS,24.96,93.60000000000001,301.6,True
_VAR7,BS,24.96,98.8,317.2,True
_VAR7,BS,24.96,104.0,332.8,True
_VAR7,BS,24.96,109.2,348.40000000000003,True
_VAR7,BS,24.96,114.4,364.0,True
_VAR7,BS,24.96,119.60000000000001,379.6,True
_VAR7,BS,24.96,124.80000000000001,395.2,True
_VAR7,BS,24.96,130.0,410.8,True
_VAR7,BS,24.96,135.20000000000002,426.40000000000003,True
_VAR7,BS,24.96,140.4,442.0,True
_VAR7,BS,24.96,145.6,457.6,True
_VAR7,BS,24.96,150.8,473.2,True
_VAR7,BS,24.96,156.0,488.8,True
_VAR7,BS,24.96,161.20000000000002,504.40000000000003,True
_VAR7,BS,24.96,166.4,520.0,True
_VAR7,BS,24.96,171.6,535.6,True
_VAR7,BS,24.96,176.8,551.2,True
_VAR7,BS,24.96,182.0,566.8000000000001,True
_VAR7,BS,24.96,187.20000000000002,582.4,True
_VAR7,BS,24.96,192.4,598.0,True
_VAR7,BS,24.96,197.6,613.6,True
_VAR7,BS,24.96,202.8,629.2,True
_VAR7,BS,24.96,208.0,644.8000000000001,True
_VAR7,BS,24.96,213.20000000000002,660.4,True
_VAR7,BS,24.96,218.4,676.0,True
_VAR7,BS,24.96,223.6,691.6,True
_VAR7,BS,24.96,228.8,707.2,True
_VAR7,BS,24.96,234.0,722.8000000000001,True
_VAR7,BS,24.96,239.20000000000002,738.4,True
_VAR7,BS,24.96,244.4,754.0,True
_VAR7,BS,24.96,249.60000000000002,769.6,True
_VAR7,BS,24.96,254.8,785.2,True
_VAR7,BS,24.96,260.0,800.8000000000001,True
_VAR7,BS,24.96,265.2,816.4,True
_VAR7,GB,24.96,10.4,52.0,True
_VAR7,GB,24.96,15.600000000000001,67.60000000000001,True
_VAR7,GB,24.96,20.8,83.2,True
_VAR7,GB,24.96,26.0,98.8,True
_VAR7,GB,24.96,31.200000000000003,114.4,True
_VAR7,GB,24.96,36.4,130.0,True
_VAR7,GB,24.96,41.6,145.6,True
_VAR7,GB,24.96,46.800000000000004,161.20000000000002,True
_VAR7,GB,24.96,52.0,176.8,True
_VAR7,GB,24.96,57.2,192.4,True
_VAR7,GB,24.96,62.400000000000006,208.0,True
_VAR7,GB,24.96,67.60000000000001,223.6,True
_VAR7,GB,24.96,72.8,239.20000000000002,True
_VAR7,GB,24.96,78.0,254.8,True
_VAR7,GB,24.96,83.2,270.40000000000003,True
_VAR7,GB,24.96,88.4,286.0,True
_VAR7,GB,24.96,93.60000000000001,301.6,True
_VAR7,GB,24.96,98.8,317.2,True
_VAR7,GB,24.96,104.0,332.8,True
_VAR7,GB,24.96,109.2,348.40000000000003,True
_VAR7,GB,24.96,114.4,364.0,True
_VAR7,GB,24.96,119.60000000000001,379.6,True
_VAR7,GB,24.96,124.80000000000001,395.2,True
_VAR7,GB,24.96,130.0,410.8,True
_VAR7,GB,24.96,135.20000000000002,426.40000000000003,True
_VAR7,GB,24.96,140.4,442.0,True
_VAR7,GB,24.96,145.6,457.6,True
_VAR7,GB,24.96,150.8,473.2,True
_VAR7,GB,24.96,156.0,488.8,True
_VAR7,GB,24.96,161.20000000000002,504.40000000000003,True
_VAR7,GB,24.96,166.4,520.0,True
_VAR7,GB,24.96,171.6,535.6,True
_VAR7,GB,24.96,176.8,551.2,True
_VAR7,GB,24.96,182.0,566.8000000000001,True
_VAR7,GB,24.96,187.20000000000002,582.4,True
_VAR7,GB,24.96,192.4,598.0,True
_VAR7,GB,24.96,197.6,613.6,True
_VAR7,GB,24.96,202.8,629.2,True
_VAR7,GB,24.96,208.0,644.8000000000001,True
_VAR7,GB,24.96,213.20000000000002,660.4,True
_VAR7,GB,24.96,218.4,676.0,True
_VAR7,GB,24.96,223.6,691.6,True
_VAR7,GB,24.96,228.8,707.2,True
_VAR7,GB,24.96,234.0,722.8000000000001,True
_VAR7,GB,24.96,239.20000000000002,738.4,True
_VAR7,GB,24.96,244.4,754.0,True
_VAR7,GB,24.96,249.60000000000002,769.6,True
_VAR7,GB,24.96,254.8,785.2,True
_VAR7,GB,24.96,260.0,800.8000000000001,True
_VAR7,GB,24.96,265.2,816.4,True
W36x300_VAR8,AISC 360-22,38.160000000000004,93.598,318.0,True
W27x102_VAR8,AISC 360-22,28.726000000000003,31.8,108.12,True
HSS 12x12x1/2_VAR8,AISC 360-22,25.44,23.956000000000003,81.302,True
L 8x8x1_VAR8,AISC 360-22,25.44,15.9,54.06,True
IPE 300_VAR8,EN 10034,25.44,57.028,44.732000000000006,True
HEA 300_VAR8,EN 10034,25.44,118.72,93.598,True
UB 914x419x388_VAR8,BS 4-1:2005,25.44,523.64,411.28000000000003,True
H 1000x400x20x35_VAR8,GB/T 11264,25.44,1420.4,1114.06,True
_VAR8,AISC,25.44,10.600000000000001,53.0,True
_VAR8,AISC,25.44,15.9,68.9,True
_VAR8,AISC,25.44,21.200000000000003,84.80000000000001,True
_VAR8,AISC,25.44,26.5,100.7,True
_VAR8,AISC,25.44,31.8,116.60000000000001,True
_VAR8,AISC,25.44,37.1,132.5,True
_VAR8,AISC,25.44,42.400000000000006,148.4,True
_VAR8,AISC,25.44,47.7,164.3,True
_VAR8,AISC,25.44,53.0,180.20000000000002,True
_VAR8,AISC,25.44,58.300000000000004,196.10000000000002,True
_VAR8,AISC,25.44,63.6,212.0,True
_VAR8,AISC,25.44,68.9,227.9,True
_VAR8,AISC,25.44,74.2,243.8,True
_VAR8,AISC,25.44,79.5,259.7,True
_VAR8,AISC,25.44,84.80000000000001,275.6,True
_VAR8,AISC,25.44,90.10000000000001,291.5,True
_VAR8,AISC,25.44,95.4,307.40000000000003,True
_VAR8,AISC,25.44,100.7,323.3,True
_VAR8,AISC,25.44,106.0,339.20000000000005,True
_VAR8,AISC,25.44,111.30000000000001,355.1,True
_VAR8,AISC,25.44,116.60000000000001,371.0,True
_VAR8,AISC,25.44,121.9,386.90000000000003,True
_VAR8,AISC,25.44,127.2,402.8,True
_VAR8,AISC,25.44,132.5,418.70000000000005,True
_VAR8,AISC,25.44,137.8,434.6,True
_VAR8,AISC,25.44,143.1,450.5,True
_VAR8,AISC,25.44,148.4,466.40000000000003,True
_VAR8,AISC,25.44,153.70000000000002,482.3,True
_VAR8,AISC,25.44,159.0,498.20000000000005,True
_VAR8,AISC,25.44,164.3,514.1,True
_VAR8,AISC,25.44,169.60000000000002,530.0,True
_VAR8,AISC,25.44,174.9,545.9,True
_VAR8,AISC,25.44,180.20000000000002,561.8000000000001,True
_VAR8,AISC,25.44,185.5,577.7,True
_VAR8,AISC,25.44,190.8,593.6,True
_VAR8,AISC,25.44,196.10000000000002,609.5,True
_VAR8,AISC,25.44,201.4,625.4,True
_VAR8,AISC,25.44,206.70000000000002,641.3000000000001,True
_VAR8,AISC,25.44,212.0,657.2,True
_VAR8,AISC,25.44,217.3,673.1,True
_VAR8,AISC,25.44,222.60000000000002,689.0,True
_VAR8,AISC,25.44,227.9,704.9000000000001,True
_VAR8,AISC,25.44,233.20000000000002,720.8000000000001,True
_VAR8,AISC,25.44,238.5,736.7,True
_VAR8,AISC,25.44,243.8,752.6,True
_VAR8,AISC,25.44,249.10000000000002,768.5,True
_VAR8,AISC,25.44,254.4,784.4000000000001,True
_VAR8,AISC,25.44,259.7,800.3000000000001,True
_VAR8,AISC,25.44,265.0,816.2,True
_VAR8,AISC,25.44,270.3,832.1,True
_VAR8,Eurocode,25.44,10.600000000000001,53.0,True
_VAR8,Eurocode,25.44,15.9,68.9,True
_VAR8,Eurocode,25.44,21.200000000000003,84.80000000000001,True
_VAR8,Eurocode,25.44,26.5,100.7,True
_VAR8,Eurocode,25.44,31.8,116.60000000000001,True
_VAR8,Eurocode,25.44,37.1,132.5,True
_VAR8,Eurocode,25.44,42.400000000000006,148.4,True
_VAR8,Eurocode,25.44,47.7,164.3,True
_VAR8,Eurocode,25.44,53.0,180.20000000000002,True
_VAR8,Eurocode,25.44,58.300000000000004,196.10000000000002,True
_VAR8,Eurocode,25.44,63.6,212.0,True
_VAR8,Eurocode,25.44,68.9,227.9,True
_VAR8,Eurocode,25.44,74.2,243.8,True
_VAR8,Eurocode,25.44,79.5,259.7,True
_VAR8,Eurocode,25.44,84.80000000000001,275.6,True
_VAR8,Eurocode,25.44,90.10000000000001,291.5,True
_VAR8,Eurocode,25.44,95.4,307.40000000000003,True
_VAR8,Eurocode,25.44,100.7,323.3,True
_VAR8,Eurocode,25.44,106.0,339.20000000000005,True
_VAR8,Eurocode,25.44,111.30000000000001,355.1,True
_VAR8,Eurocode,25.44,116.60000000000001,371.0,True
_VAR8,Eurocode,25.44,121.9,386.90000000000003,True
_VAR8,Eurocode,25.44,127.2,402.8,True
_VAR8,Eurocode,25.44,132.5,418.70000000000005,True
_VAR8,Eurocode,25.44,137.8,434.6,True
_VAR8,Eurocode,25.44,143.1,450.5,True
_VAR8,Eurocode,25.44,148.4,466.40000000000003,True
_VAR8,Eurocode,25.44,153.70000000000002,482.3,True
_VAR8,Eurocode,25.44,159.0,498.20000000000005,True
_VAR8,Eurocode,25.44,164.3,514.1,True
_VAR8,Eurocode,25.44,169.60000000000002,530.0,True
_VAR8,Eurocode,25.44,174.9,545.9,True
_VAR8,Eurocode,25.44,180.20000000000002,561.8000000000001,True
_VAR8,Eurocode,25.44,185.5,577.7,True
_VAR8,Eurocode,25.44,190.8,593.6,True
_VAR8,Eurocode,25.44,196.10000000000002,609.5,True
_VAR8,Eurocode,25.44,201.4,625.4,True
_VAR8,Eurocode,25.44,206.70000000000002,641.3000000000001,True
_VAR8,Eurocode,25.44,212.0,657.2,True
_VAR8,Eurocode,25.44,217.3,673.1,True
_VAR8,Eurocode,25.44,222.60000000000002,689.0,True
_VAR8,Eurocode,25.44,227.9,704.9000000000001,True
_VAR8,Eurocode,25.44,233.20000000000002,720.8000000000001,True
_VAR8,Eurocode,25.44,238.5,736.7,True
_VAR8,Eurocode,25.44,243.8,752.6,True
_VAR8,Eurocode,25.44,249.10000000000002,768.5,True
_VAR8,Eurocode,25.44,254.4,784.4000000000001,True
_VAR8,Eurocode,25.44,259.7,800.3000000000001,True
_VAR8,Eurocode,25.44,265.0,816.2,True
_VAR8,Eurocode,25.44,270.3,832.1,True
_VAR8,BS,25.44,10.600000000000001,53.0,True
_VAR8,BS,25.44,15.9,68.9,True
_VAR8,BS,25.44,21.200000000000003,84.80000000000001,True
_VAR8,BS,25.44,26.5,100.7,True
_VAR8,BS,25.44,31.8,116.60000000000001,True
_VAR8,BS,25.44,37.1,132.5,True
_VAR8,BS,25.44,42.400000000000006,148.4,True
_VAR8,BS,25.44,47.7,164.3,True
_VAR8,BS,25.44,53.0,180.20000000000002,True
_VAR8,BS,25.44,58.300000000000004,196.10000000000002,True
_VAR8,BS,25.44,63.6,212.0,True
_VAR8,BS,25.44,68.9,227.9,True
_VAR8,BS,25.44,74.2,243.8,True
_VAR8,BS,25.44,79.5,259.7,True
_VAR8,BS,25.44,84.80000000000001,275.6,True
_VAR8,BS,25.44,90.10000000000001,291.5,True
_VAR8,BS,25.44,95.4,307.40000000000003,True
_VAR8,BS,25.44,100.7,323.3,True
_VAR8,BS,25.44,106.0,339.20000000000005,True
_VAR8,BS,25.44,111.30000000000001,355.1,True
_VAR8,BS,25.44,116.60000000000001,371.0,True
_VAR8,BS,25.44,121.9,386.90000000000003,True
_VAR8,BS,25.44,127.2,402.8,True
_VAR8,BS,25.44,132.5,418.70000000000005,True
_VAR8,BS,25.44,137.8,434.6,True
_VAR8,BS,25.44,143.1,450.5,True
_VAR8,BS,25.44,148.4,466.40000000000003,True
_VAR8,BS,25.44,153.70000000000002,482.3,True
_VAR8,BS,25.44,159.0,498.20000000000005,True
_VAR8,BS,25.44,164.3,514.1,True
_VAR8,BS,25.44,169.60000000000002,530.0,True
_VAR8,BS,25.44,174.9,545.9,True
_VAR8,BS,25.44,180.20000000000002,561.8000000000001,True
_VAR8,BS,25.44,185.5,577.7,True
_VAR8,BS,25.44,190.8,593.6,True
_VAR8,BS,25.44,196.10000000000002,609.5,True
_VAR8,BS,25.44,201.4,625.4,True
_VAR8,BS,25.44,206.70000000000002,641.3000000000001,True
_VAR8,BS,25.44,212.0,657.2,True
_VAR8,BS,25.44,217.3,673.1,True
_VAR8,BS,25.44,222.60000000000002,689.0,True
_VAR8,BS,25.44,227.9,704.9000000000001,True
_VAR8,BS,25.44,233.20000000000002,720.8000000000001,True
_VAR8,BS,25.44,238.5,736.7,True
_VAR8,BS,25.44,243.8,752.6,True
_VAR8,BS,25.44,249.10000000000002,768.5,True
_VAR8,BS,25.44,254.4,784.4000000000001,True
_VAR8,BS,25.44,259.7,800.3000000000001,True
_VAR8,BS,25.44,265.0,816.2,True
_VAR8,BS,25.44,270.3,832.1,True
_VAR8,GB,25.44,10.600000000000001,53.0,True
_VAR8,GB,25.44,15.9,68.9,True
_VAR8,GB,25.44,21.200000000000003,84.80000000000001,True
_VAR8,GB,25.44,26.5,100.7,True
_VAR8,GB,25.44,31.8,116.60000000000001,True
_VAR8,GB,25.44,37.1,132.5,True
_VAR8,GB,25.44,42.400000000000006,148.4,True
_VAR8,GB,25.44,47.7,164.3,True
_VAR8,GB,25.44,53.0,180.20000000000002,True
_VAR8,GB,25.44,58.300000000000004,196.10000000000002,True
_VAR8,GB,25.44,63.6,212.0,True
_VAR8,GB,25.44,68.9,227.9,True
_VAR8,GB,25.44,74.2,243.8,True
_VAR8,GB,25.44,79.5,259.7,True
_VAR8,GB,25.44,84.80000000000001,275.6,True
_VAR8,GB,25.44,90.10000000000001,291.5,True
_VAR8,GB,25.44,95.4,307.40000000000003,True
_VAR8,GB,25.44,100.7,323.3,True
_VAR8,GB,25.44,106.0,339.20000000000005,True
_VAR8,GB,25.44,111.30000000000001,355.1,True
_VAR8,GB,25.44,116.60000000000001,371.0,True
_VAR8,GB,25.44,121.9,386.90000000000003,True
_VAR8,GB,25.44,127.2,402.8,True
_VAR8,GB,25.44,132.5,418.70000000000005,True
_VAR8,GB,25.44,137.8,434.6,True
_VAR8,GB,25.44,143.1,450.5,True
_VAR8,GB,25.44,148.4,466.40000000000003,True
_VAR8,GB,25.44,153.70000000000002,482.3,True
_VAR8,GB,25.44,159.0,498.20000000000005,True
_VAR8,GB,25.44,164.3,514.1,True
_VAR8,GB,25.44,169.60000000000002,530.0,True
_VAR8,GB,25.44,174.9,545.9,True
_VAR8,GB,25.44,180.20000000000002,561.8000000000001,True
_VAR8,GB,25.44,185.5,577.7,True
_VAR8,GB,25.44,190.8,593.6,True
_VAR8,GB,25.44,196.10000000000002,609.5,True
_VAR8,GB,25.44,201.4,625.4,True
_VAR8,GB,25.44,206.70000000000002,641.3000000000001,True
_VAR8,GB,25.44,212.0,657.2,True
_VAR8,GB,25.44,217.3,673.1,True
_VAR8,GB,25.44,222.60000000000002,689.0,True
_VAR8,GB,25.44,227.9,704.9000000000001,True
_VAR8,GB,25.44,233.20000000000002,720.8000000000001,True
_VAR8,GB,25.44,238.5,736.7,True
_VAR8,GB,25.44,243.8,752.6,True
_VAR8,GB,25.44,249.10000000000002,768.5,True
_VAR8,GB,25.44,254.4,784.4000000000001,True
_VAR8,GB,25.44,259.7,800.3000000000001,True
_VAR8,GB,25.44,265.0,816.2,True
_VAR8,GB,25.44,270.3,832.1,True
W36x300_VAR9,AISC 360-22,38.88,95.364,324.0,True
W27x102_VAR9,AISC 360-22,29.268000000000004,32.400000000000006,110.16000000000001,True
HSS 12x12x1/2_VAR9,AISC 360-22,25.92,24.408000000000005,82.83600000000001,True
L 8x8x1_VAR9,AISC 360-22,25.92,16.200000000000003,55.080000000000005,True
IPE 300_VAR9,EN 10034,25.92,58.104,45.57600000000001,True
HEA 300_VAR9,EN 10034,25.92,120.96000000000001,95.364,True
UB 914x419x388_VAR9,BS 4-1:2005,25.92,533.52,419.04,True
H 1000x400x20x35_VAR9,GB/T 11264,25.92,1447.2,1135.0800000000002,True
_VAR9,AISC,25.92,10.8,54.0,True
_VAR9,AISC,25.92,16.200000000000003,70.2,True
_VAR9,AISC,25.92,21.6,86.4,True
_VAR9,AISC,25.92,27.0,102.60000000000001,True
_VAR9,AISC,25.92,32.400000000000006,118.80000000000001,True
_VAR9,AISC,25.92,37.800000000000004,135.0,True
_VAR9,AISC,25.92,43.2,151.20000000000002,True
_VAR9,AISC,25.92,48.6,167.4,True
_VAR9,AISC,25.92,54.0,183.60000000000002,True
_VAR9,AISC,25.92,59.400000000000006,199.8,True
_VAR9,AISC,25.92,64.80000000000001,216.0,True
_VAR9,AISC,25.92,70.2,232.20000000000002,True
_VAR9,AISC,25.92,75.60000000000001,248.4,True
_VAR9,AISC,25.92,81.0,264.6,True
_VAR9,AISC,25.92,86.4,280.8,True
_VAR9,AISC,25.92,91.80000000000001,297.0,True
_VAR9,AISC,25.92,97.2,313.20000000000005,True
_VAR9,AISC,25.92,102.60000000000001,329.40000000000003,True
_VAR9,AISC,25.92,108.0,345.6,True
_VAR9,AISC,25.92,113.4,361.8,True
_VAR9,AISC,25.92,118.80000000000001,378.0,True
_VAR9,AISC,25.92,124.2,394.20000000000005,True
_VAR9,AISC,25.92,129.60000000000002,410.40000000000003,True
_VAR9,AISC,25.92,135.0,426.6,True
_VAR9,AISC,25.92,140.4,442.8,True
_VAR9,AISC,25.92,145.8,459.00000000000006,True
_VAR9,AISC,25.92,151.20000000000002,475.20000000000005,True
_VAR9,AISC,25.92,156.60000000000002,491.40000000000003,True
_VAR9,AISC,25.92,162.0,507.6,True
_VAR9,AISC,25.92,167.4,523.8000000000001,True
_VAR9,AISC,25.92,172.8,540.0,True
_VAR9,AISC,25.92,178.20000000000002,556.2,True
_VAR9,AISC,25.92,183.60000000000002,572.4000000000001,True
_VAR9,AISC,25.92,189.0,588.6,True
_VAR9,AISC,25.92,194.4,604.8000000000001,True
_VAR9,AISC,25.92,199.8,621.0,True
_VAR9,AISC,25.92,205.20000000000002,637.2,True
_VAR9,AISC,25.92,210.60000000000002,653.4000000000001,True
_VAR9,AISC,25.92,216.0,669.6,True
_VAR9,AISC,25.92,221.4,685.8000000000001,True
_VAR9,AISC,25.92,226.8,702.0,True
_VAR9,AISC,25.92,232.20000000000002,718.2,True
_VAR9,AISC,25.92,237.60000000000002,734.4000000000001,True
_VAR9,AISC,25.92,243.00000000000003,750.6,True
_VAR9,AISC,25.92,248.4,766.8000000000001,True
_VAR9,AISC,25.92,253.8,783.0,True
_VAR9,AISC,25.92,259.20000000000005,799.2,True
_VAR9,AISC,25.92,264.6,815.4000000000001,True
_VAR9,AISC,25.92,270.0,831.6,True
_VAR9,AISC,25.92,275.40000000000003,847.8000000000001,True
_VAR9,Eurocode,25.92,10.8,54.0,True
_VAR9,Eurocode,25.92,16.200000000000003,70.2,True
_VAR9,Eurocode,25.92,21.6,86.4,True
_VAR9,Eurocode,25.92,27.0,102.60000000000001,True
_VAR9,Eurocode,25.92,32.400000000000006,118.80000000000001,True
_VAR9,Eurocode,25.92,37.800000000000004,135.0,True
_VAR9,Eurocode,25.92,43.2,151.20000000000002,True
_VAR9,Eurocode,25.92,48.6,167.4,True
_VAR9,Eurocode,25.92,54.0,183.60000000000002,True
_VAR9,Eurocode,25.92,59.400000000000006,199.8,True
_VAR9,Eurocode,25.92,64.80000000000001,216.0,True
_VAR9,Eurocode,25.92,70.2,232.20000000000002,True
_VAR9,Eurocode,25.92,75.60000000000001,248.4,True
_VAR9,Eurocode,25.92,81.0,264.6,True
_VAR9,Eurocode,25.92,86.4,280.8,True
_VAR9,Eurocode,25.92,91.80000000000001,297.0,True
_VAR9,Eurocode,25.92,97.2,313.20000000000005,True
_VAR9,Eurocode,25.92,102.60000000000001,329.40000000000003,True
_VAR9,Eurocode,25.92,108.0,345.6,True
_VAR9,Eurocode,25.92,113.4,361.8,True
_VAR9,Eurocode,25.92,118.80000000000001,378.0,True
_VAR9,Eurocode,25.92,124.2,394.20000000000005,True
_VAR9,Eurocode,25.92,129.60000000000002,410.40000000000003,True
_VAR9,Eurocode,25.92,135.0,426.6,True
_VAR9,Eurocode,25.92,140.4,442.8,True
_VAR9,Eurocode,25.92,145.8,459.00000000000006,True
_VAR9,Eurocode,25.92,151.20000000000002,475.20000000000005,True
_VAR9,Eurocode,25.92,156.60000000000002,491.40000000000003,True
_VAR9,Eurocode,25.92,162.0,507.6,True
_VAR9,Eurocode,25.92,167.4,523.8000000000001,True
_VAR9,Eurocode,25.92,172.8,540.0,True
_VAR9,Eurocode,25.92,178.20000000000002,556.2,True
_VAR9,Eurocode,25.92,183.60000000000002,572.4000000000001,True
_VAR9,Eurocode,25.92,189.0,588.6,True
_VAR9,Eurocode,25.92,194.4,604.8000000000001,True
_VAR9,Eurocode,25.92,199.8,621.0,True
_VAR9,Eurocode,25.92,205.20000000000002,637.2,True
_VAR9,Eurocode,25.92,210.60000000000002,653.4000000000001,True
_VAR9,Eurocode,25.92,216.0,669.6,True
_VAR9,Eurocode,25.92,221.4,685.8000000000001,True
_VAR9,Eurocode,25.92,226.8,702.0,True
_VAR9,Eurocode,25.92,232.20000000000002,718.2,True
_VAR9,Eurocode,25.92,237.60000000000002,734.4000000000001,True
_VAR9,Eurocode,25.92,243.00000000000003,750.6,True
_VAR9,Eurocode,25.92,248.4,766.8000000000001,True
_VAR9,Eurocode,25.92,253.8,783.0,True
_VAR9,Eurocode,25.92,259.20000000000005,799.2,True
_VAR9,Eurocode,25.92,264.6,815.4000000000001,True
_VAR9,Eurocode,25.92,270.0,831.6,True
_VAR9,Eurocode,25.92,275.40000000000003,847.8000000000001,True
_VAR9,BS,25.92,10.8,54.0,True
_VAR9,BS,25.92,16.200000000000003,70.2,True
_VAR9,BS,25.92,21.6,86.4,True
_VAR9,BS,25.92,27.0,102.60000000000001,True
_VAR9,BS,25.92,32.400000000000006,118.80000000000001,True
_VAR9,BS,25.92,37.800000000000004,135.0,True
_VAR9,BS,25.92,43.2,151.20000000000002,True
_VAR9,BS,25.92,48.6,167.4,True
_VAR9,BS,25.92,54.0,183.60000000000002,True
_VAR9,BS,25.92,59.400000000000006,199.8,True
_VAR9,BS,25.92,64.80000000000001,216.0,True
_VAR9,BS,25.92,70.2,232.20000000000002,True
_VAR9,BS,25.92,75.60000000000001,248.4,True
_VAR9,BS,25.92,81.0,264.6,True
_VAR9,BS,25.92,86.4,280.8,True
_VAR9,BS,25.92,91.80000000000001,297.0,True
_VAR9,BS,25.92,97.2,313.20000000000005,True
_VAR9,BS,25.92,102.60000000000001,329.40000000000003,True
_VAR9,BS,25.92,108.0,345.6,True
_VAR9,BS,25.92,113.4,361.8,True
_VAR9,BS,25.92,118.80000000000001,378.0,True
_VAR9,BS,25.92,124.2,394.20000000000005,True
_VAR9,BS,25.92,129.60000000000002,410.40000000000003,True
_VAR9,BS,25.92,135.0,426.6,True
_VAR9,BS,25.92,140.4,442.8,True
_VAR9,BS,25.92,145.8,459.00000000000006,True
_VAR9,BS,25.92,151.20000000000002,475.20000000000005,True
_VAR9,BS,25.92,156.60000000000002,491.40000000000003,True
_VAR9,BS,25.92,162.0,507.6,True
_VAR9,BS,25.92,167.4,523.8000000000001,True
_VAR9,BS,25.92,172.8,540.0,True
_VAR9,BS,25.92,178.20000000000002,556.2,True
_VAR9,BS,25.92,183.60000000000002,572.4000000000001,True
_VAR9,BS,25.92,189.0,588.6,True
_VAR9,BS,25.92,194.4,604.8000000000001,True
_VAR9,BS,25.92,199.8,621.0,True
_VAR9,BS,25.92,205.20000000000002,637.2,True
_VAR9,BS,25.92,210.60000000000002,653.4000000000001,True
_VAR9,BS,25.92,216.0,669.6,True
_VAR9,BS,25.92,221.4,685.8000000000001,True
_VAR9,BS,25.92,226.8,702.0,True
_VAR9,BS,25.92,232.20000000000002,718.2,True
_VAR9,BS,25.92,237.60000000000002,734.4000000000001,True
_VAR9,BS,25.92,243.00000000000003,750.6,True
_VAR9,BS,25.92,248.4,766.8000000000001,True
_VAR9,BS,25.92,253.8,783.0,True
_VAR9,BS,25.92,259.20000000000005,799.2,True
_VAR9,BS,25.92,264.6,815.4000000000001,True
_VAR9,BS,25.92,270.0,831.6,True
_VAR9,BS,25.92,275.40000000000003,847.8000000000001,True
_VAR9,GB,25.92,10.8,54.0,True
_VAR9,GB,25.92,16.200000000000003,70.2,True
_VAR9,GB,25.92,21.6,86.4,True
_VAR9,GB,25.92,27.0,102.60000000000001,True
_VAR9,GB,25.92,32.400000000000006,118.80000000000001,True
_VAR9,GB,25.92,37.800000000000004,135.0,True
_VAR9,GB,25.92,43.2,151.20000000000002,True
_VAR9,GB,25.92,48.6,167.4,True
_VAR9,GB,25.92,54.0,183.60000000000002,True
_VAR9,GB,25.92,59.400000000000006,199.8,True
_VAR9,GB,25.92,64.80000000000001,216.0,True
_VAR9,GB,25.92,70.2,232.20000000000002,True
_VAR9,GB,25.92,75.60000000000001,248.4,True
_VAR9,GB,25.92,81.0,264.6,True
_VAR9,GB,25.92,86.4,280.8,True
_VAR9,GB,25.92,91.80000000000001,297.0,True
_VAR9,GB,25.92,97.2,313.20000000000005,True
_VAR9,GB,25.92,102.60000000000001,329.40000000000003,True
_VAR9,GB,25.92,108.0,345.6,True
_VAR9,GB,25.92,113.4,361.8,True
_VAR9,GB,25.92,118.80000000000001,378.0,True
_VAR9,GB,25.92,124.2,394.20000000000005,True
_VAR9,GB,25.92,129.60000000000002,410.40000000000003,True
_VAR9,GB,25.92,135.0,426.6,True
_VAR9,GB,25.92,140.4,442.8,True
_VAR9,GB,25.92,145.8,459.00000000000006,True
_VAR9,GB,25.92,151.20000000000002,475.20000000000005,True
_VAR9,GB,25.92,156.60000000000002,491.40000000000003,True
_VAR9,GB,25.92,162.0,507.6,True
_VAR9,GB,25.92,167.4,523.8000000000001,True
_VAR9,GB,25.92,172.8,540.0,True
_VAR9,GB,25.92,178.20000000000002,556.2,True
_VAR9,GB,25.92,183.60000000000002,572.4000000000001,True
_VAR9,GB,25.92,189.0,588.6,True
_VAR9,GB,25.92,194.4,604.8000000000001,True
_VAR9,GB,25.92,199.8,621.0,True
_VAR9,GB,25.92,205.20000000000002,637.2,True
_VAR9,GB,25.92,210.60000000000002,653.4000000000001,True
_VAR9,GB,25.92,216.0,669.6,True
_VAR9,GB,25.92,221.4,685.8000000000001,True
_VAR9,GB,25.92,226.8,702.0,True
_VAR9,GB,25.92,232.20000000000002,718.2,True
_VAR9,GB,25.92,237.60000000000002,734.4000000000001,True
_VAR9,GB,25.92,243.00000000000003,750.6,True
_VAR9,GB,25.92,248.4,766.8000000000001,True
_VAR9,GB,25.92,253.8,783.0,True
_VAR9,GB,25.92,259.20000000000005,799.2,True
_VAR9,GB,25.92,264.6,815.4000000000001,True
_VAR9,GB,25.92,270.0,831.6,True
_VAR9,GB,25.92,275.40000000000003,847.8000000000001,True
